register,user,title,year,score,users_rating,votes,metascore,codirector,director,cogenre,genre,mainactor,secactor,seclanguage,vose,country,seccountry
0,emigraloz8@hotmail.com,The Shootist,1976,,7.6,21391,77,,Don Siegel,Romance,Drama,John Wayne,Lauren Bacall,,English,USA,
1,zaibelgar033755@digi.com,Frida,2002,,7.4,78595,61,,Julie Taymor,Drama,Biography,Salma Hayek,Mía Maestro,French,English,Mexico,USA
2,aguherbas3716@gmail.com,Hesher,2010,,7.0,49832,45,,Spencer Susser,Crime,Comedy,Joseph Gordon-Levitt,Devin Brochu,,English,USA,
3,hercamare50@vodafone.com ,The Dog Lover,2016,,5.5,671,35,,Alex Ranarivelo,,Drama,James Remar,Lea Thompson,,English,USA,
4,alifenvel96289@vodafone.com ,Cold Creek Manor,2003,,5.0,20632,37,,Mike Figgis,Mystery,Drama,Dennis Quaid,Sharon Stone,,English,USA,Canada
6,josciclir66828@movistar.com,Just Visiting,2001,,5.8,17966,38,,Jean-Marie Poiré,Fantasy,Comedy,Jean Reno,Christina Applegate,French,English,France,USA
7,julcarbad6@jazztel.com,Serenity,2005,2.0,7.8,32119,74,,Joss Whedon,Adventure,Action,Nathan Fillion,Gina Torres,Mandarin,English,USA,
8,isademiq051102@vodafone.com ,I Melt with You,2011,,6.0,5702,26,,Mark Pellington,,Drama,Thomas Jane,Jeremy Piven,,English,USA,
9,mimguarez39608@orange.com,War Story,2014,,4.0,698,50,,Mark Jackson,,Drama,Catherine Keener,Hafsia Herzi,Italian,English,USA,
10,eleirssas26@gmail.com,The Ides of March,2011,8.0,7.100004252644909,211633,67,,George Clooney,Thriller,Drama,Ryan Gosling,George Clooney,,English,USA,
11,yolmalmac0@orange.com,The Book Thief,2013,,7.6,124332,53,,Brian Percival,War,Drama,Roger Allam,Sophie Nélisse,German,English,USA,Germany
12,yesbelhar0221@gmail.com,Spaceballs,1987,,7.1,166439,46,,Mel Brooks,Comedy,Adventure,Mel Brooks,John Candy,,English,USA,
13,estgubalz27234@gmail.com,The Day the Earth Stood Still,2008,,5.5,160613,40,,Scott Derrickson,Sci-Fi,Drama,Keanu Reeves,Jennifer Connelly,Mandarin,English,USA,Canada
14,juapraang011054@hotmail.com,Teen Wolf,1985,,6.1,44219,25,,Rod Daniel,Fantasy,Comedy,Michael J. Fox,James Hampton,,English,USA,
15,yihcarhol30408@gmail.com,Duane Hopwood,2005,,6.6,2198,53,,Matt Mulhern,Drama,Comedy,Daisy Ang,Bill Buell,,English,USA,
16,julzanbai012@hotmail.com,The Fits,2015,,6.7,4417,90,,Anna Rose Holmer,Music,Drama,Royalty Hightower,Alexis Neblett,,English,USA,
17,shuforfog38@orange.com,Telling Lies in America,1997,,6.2,2071,65,,Guy Ferland,Music,Drama,Kevin Bacon,Brad Renfro,,English,USA,
18,assaboshe7@vodafone.com ,Intolerance: Love's Struggle Throughout the Ages,1916,,7.8,13687,99,,D.W. Griffith,History,Drama,Lillian Gish,Mae Marsh,,English,USA,
19,angabafah7@vodafone.com ,F/X2,1991,,5.9,8537,48,,Richard Franklin,Thriller,Action,Bryan Brown,Brian Dennehy,,English,USA,
20,crileceng08@vodafone.com ,Assassin's Bullet,2012,,3.6,3100,20,,Isaac Florentine,Drama,Action,Christian Slater,Donald Sutherland,French,English,USA,
21,emigraloz8@hotmail.com,Righteous Kill,2008,,6.0,83153,36,,Jon Avnet,Drama,Crime,Robert De Niro,Al Pacino,Spanish,English,USA,
22,layprella7@vodafone.com ,Milk,2008,,7.5,161349,84,,Gus Van Sant,Drama,Biography,Sean Penn,Emile Hirsch,,English,USA,
23,toldorral065@hotmail.com,Seberg,2019,,5.5,3550,54,,Benedict Andrews,Drama,Biography,Kristen Stewart,Yvan Attal,French,English,UK,USA
24,verrocmat8819@digi.com,The Wings of the Dove,1997,,7.1,10144,73,,Iain Softley,Romance,Drama,Helena Bonham Carter,Linus Roache,,English,USA,UK
25,levbouel8567@vodafone.com ,Angel Eyes,2001,,5.6,22089,39,,Luis Mandoki,Romance,Drama,Jennifer Lopez,Jim Caviezel,,English,USA,
26,josdasvig2879@orange.com,The Ring Two,2005,9.0,5.400040160642571,89640,44,,Hideo Nakata,Mystery,Horror,Naomi Watts,Simon Baker,,English,USA,
27,sanolealg5@vodafone.com ,Rudy,1993,,7.5,54172,71,,David Anspaugh,Drama,Biography,Sean Astin,Jon Favreau,Spanish,English,USA,
28,guemaiiva047323@vodafone.com ,Madagascar 3: Europe's Most Wanted,2012,7.0,6.800001271229532,157328,60,Tom McGrath,Eric Darnell,Adventure,Animation,Ben Stiller,Chris Rock,Spanish,English,USA,
29,yahkniple6@orange.com,Vanishing Point,1971,,7.2,25889,61,,Richard C. Sarafian,Crime,Action,Barry Newman,Cleavon Little,,English,USA,
30,levbouel8567@vodafone.com ,O Jerusalem,2006,,6.1,825,39,,Élie Chouraqui,History,Drama,JJ Feild,Saïd Taghmaoui,Arabic,English,France,UK
31,elchadev223@jazztel.com,Forrest Gump,1994,,8.8,1734964,82,,Robert Zemeckis,Romance,Drama,Tom Hanks,Rebecca Williams,,English,USA,
32,vicalihma19867@gmail.com,The Chaperone,2018,,6.5,994,48,,Michael Engler,,Drama,Elizabeth McGovern,Haley Lu Richardson,,English,UK,Australia
33,yahkniple6@orange.com,The Messengers,2007,,5.4,37571,34,Oxide Chun Pang,Danny Pang,Thriller,Horror,Kristen Stewart,Dylan McDermott,,English,USA,
34,ricgoojul63@orange.com,Two Family House,2000,,7.1,1596,79,,Raymond De Felitta,Drama,Comedy,Michael Rispoli,Kelly Macdonald,,English,USA,
35,elchadev223@jazztel.com,A.C.O.D.,2013,,5.7,12587,50,,Stuart Zicherman,,Comedy,Adam Scott,Richard Jenkins,,English,USA,
36,assaboshe7@vodafone.com ,Redemption Road,2010,,5.7,489,44,,Mario Van Peebles,,Drama,Luke Perry,Taryn Manning,,English,USA,
37,vlabonalb299970@digi.com,Straight Time,1978,,7.4,7276,64,Dustin Hoffman,Ulu Grosbard,Drama,Crime,Dustin Hoffman,Theresa Russell,Spanish,English,USA,
38,joasantey6285@orange.com,Where Hope Grows,2014,10.0,6.60117973629424,2882,41,,Chris Dowling,Family,Drama,Kristoffer Polaha,David DeSanctis,,English,USA,
39,vicalihma19867@gmail.com,Fantastic Mr. Fox,2009,,7.9,190178,83,,Wes Anderson,Adventure,Animation,George Clooney,Meryl Streep,French,English,USA,UK
40,alifenvel96289@vodafone.com ,White Rabbit,2018,7.0,5.701113967437875,1167,61,,Daryl Wein,Drama,Comedy,Vivian Bang,Nana Ghana,,English,USA,
41,marmaybaz2601@movistar.com,Thin Ice,2011,1.0,6.19886114761279,4566,60,,Jill Sprecher,Crime,Comedy,Greg Kinnear,John Paul Gamoke,,English,USA,
42,jacavioli86730@vodafone.com ,In the Blood,2014,8.0,5.70020882513165,11014,40,,John Stockwell,Crime,Action,Gina Carano,Cam Gigandet,,English,UK,Puerto Rico
43,jossatcor68@gmail.com,Catwoman,2004,,3.4,107973,27,,Pitof,Crime,Action,Halle Berry,Benjamin Bratt,Spanish,English,USA,
44,aleechgua159671@movistar.com,King of California,2007,,6.6,21802,63,,Mike Cahill,Drama,Comedy,Michael Douglas,Evan Rachel Wood,Spanish,English,USA,
45,darciplle4433@jazztel.com,The East,2013,,6.8,47846,68,,Zal Batmanglij,Drama,Adventure,Brit Marling,Alexander Skarsgård,American Sign Language,English,UK,USA
46,lamgaltat5958@hotmail.com,xXx: Return of Xander Cage,2017,,5.2,82861,42,,D.J. Caruso,Adventure,Action,Vin Diesel,Donnie Yen,Spanish,English,China,Canada
47,javriscon547659@gmail.com,The Magnificent Ambersons,1942,,7.7,21514,93,Fred Fleck,Orson Welles,Romance,Drama,Joseph Cotten,Dolores Costello,,English,USA,
48,humpenpor2@orange.com,Amadeus,1984,10.0,8.30000475669505,357391,88,,Milos Forman,Drama,Biography,F. Murray Abraham,Tom Hulce,Italian,English,USA,France
49,wiltixtre7191@gmail.com,Miami Connection,1987,,5.8,4501,56,Y.K. Kim,Woo-sang Park,Crime,Action,Y.K. Kim,Vincent Hirsch,,English,USA,
50,emigraloz8@hotmail.com,The War of the Roses,1989,,6.8,46700,79,,Danny DeVito,Romance,Comedy,Michael Douglas,Kathleen Turner,,English,USA,
51,estgubalz27234@gmail.com,The Fall,2006,,7.9,105132,64,,Tarsem Singh,Drama,Adventure,Catinca Untaru,Justine Waddell,Romanian,English,USA,South Africa
52,ricgoojul63@orange.com,St. Nick,2009,,5.2,149,51,,David Lowery,,Drama,Savanna Sears,Tucker Sears,,English,USA,
53,mimguarez39608@orange.com,Transylmania,2009,,3.8,2535,8,Scott Hillenbrand,David Hillenbrand,Horror,Comedy,Oren Skoog,Josh Miller,,English,USA,
54,lucboufan4887@hotmail.com,The Apple Dumpling Gang,1975,,6.5,4863,59,,Norman Tokar,Family,Comedy,Bill Bixby,Susan Clark,,English,USA,
55,estgubalz27234@gmail.com,Mary Poppins,1964,,7.8,152735,88,,Robert Stevenson,Family,Comedy,Julie Andrews,Dick Van Dyke,,English,USA,
56,siljaugea161@orange.com,Marmaduke,2010,,4.3,13954,30,,Tom Dey,Family,Comedy,Owen Wilson,Emma Stone,,English,USA,
57,assaboshe7@vodafone.com ,True Lies,1994,,7.2,230635,63,,James Cameron,Comedy,Action,Arnold Schwarzenegger,Jamie Lee Curtis,French,English,USA,
58,aleechgua159671@movistar.com,Freshman Orientation,2004,,5.4,1503,41,,Ryan Shiraki,Romance,Comedy,Sam Huntington,Marla Sokoloff,,English,USA,
59,anaustdob5@digi.com,Deuce Bigalow: Male Gigolo,1999,,5.7,69149,30,,Mike Mitchell,Romance,Comedy,Rob Schneider,William Forsythe,,English,USA,
60,ismarrpla915496@movistar.com,Wildlike,2014,,6.6,4210,74,,Frank Hall Green,Drama,Adventure,Ella Purnell,Brian Geraghty,,English,USA,
61,sanolealg5@vodafone.com ,Silent Movie,1976,,6.7,15574,75,,Mel Brooks,,Comedy,Mel Brooks,Marty Feldman,,English,USA,
62,guiurdfel76@digi.com,The Pyramid,2014,5.0,4.600017730496454,22560,24,,Grégory Levasseur,Adventure,Action,Ashley Hinshaw,Denis O'Hare,,English,USA,Morocco
63,aleechgua159671@movistar.com,Brooklyn's Finest,2009,,6.7,59863,43,,Antoine Fuqua,Drama,Crime,Richard Gere,Don Cheadle,,English,USA,
64,aleechgua159671@movistar.com,Rogue One: A Star Wars Story,2016,7.0,7.799998497536899,532459,65,,Gareth Edwards,Adventure,Action,Felicity Jones,Diego Luna,,English,USA,
65,raubetpen522@jazztel.com,Son of God,2014,,5.7,18103,37,,Christopher Spencer,Drama,Biography,Diogo Morgado,Greg Hicks,Hebrew,English,USA,
67,isasasjar59@orange.com,Remember the Titans,2000,,7.8,192331,48,,Boaz Yakin,Drama,Biography,Denzel Washington,Will Patton,,English,USA,
68,gemyanbic970@hotmail.com,The African Queen,1951,9.0,7.700018701806883,69512,91,,John Huston,Drama,Adventure,Humphrey Bogart,Katharine Hepburn,German,English,UK,USA
69,alifenvel96289@vodafone.com ,Aniara,2018,2.0,6.199105812220567,4697,61,Hugo Lilja,Pella Kagerman,Sci-Fi,Drama,Emelie Garbers,Bianca Cruzeiro,Spanish,Swedish,Sweden,Denmark
70,wiosormas415@movistar.com,bwoy,2016,,5.1,139,64,,John G. Young,,Drama,Anthony Rapp,De'Adre Aziza,,English,USA,
71,jossatcor68@gmail.com,Factotum,2005,,6.6,13654,71,,Bent Hamer,Drama,Comedy,Matt Dillon,Lili Taylor,,English,Norway,USA
72,tescitel7807@orange.com,Judgment at Nuremberg,1961,,8.2,66361,60,,Stanley Kramer,War,Drama,Spencer Tracy,Burt Lancaster,German,English,USA,
73,marchesui6@vodafone.com ,The Object of My Affection,1998,,6.0,18380,51,,Nicholas Hytner,Drama,Comedy,Paul Rudd,Kali Rocha,,English,USA,
74,ricgoojul63@orange.com,Uncertain Terms,2014,,5.8,325,68,,Nathan Silver,Drama,Comedy,David Dahlbom,Adinah Dancyger,,English,USA,
75,yesbelhar0221@gmail.com,Marked for Death,1990,,6.0,19087,49,,Dwight H. Little,Adventure,Action,Steven Seagal,Basil Wallace,,English,USA,
77,temifkalo07834@orange.com,A Family Man,2016,,6.5,9836,21,,Mark Williams,,Drama,Gretchen Mol,Alison Brie,,English,Canada,USA
78,chobunbux37@orange.com,Corporate Animals,2019,,4.4,1727,31,,Patrick Brice,Horror,Comedy,Demi Moore,Ed Helms,,English,USA,
79,adrlukest73@movistar.com,Resident Evil: The Final Chapter,2016,,5.5,80945,49,,Paul W.S. Anderson,Adventure,Action,Milla Jovovich,Iain Glen,,English,USA,Germany
80,raqmirbra6@digi.com,Crooked House,2017,,6.3,16378,59,,Gilles Paquet-Brenner,Drama,Crime,Max Irons,Stefanie Martini,,English,UK,USA
81,adachusan1@movistar.com,Land of the Lost,2009,,5.3,63960,32,,Brad Silberling,Adventure,Action,Will Ferrell,Anna Friel,,English,USA,
82,assaboshe7@vodafone.com ,Seventh Son,2014,,5.5,69294,30,,Sergei Bodrov,Adventure,Action,Jeff Bridges,Ben Barnes,,English,USA,UK
83,jacavioli86730@vodafone.com ,The Shape of Water,2017,,7.3,351884,87,,Guillermo del Toro,Drama,Adventure,Sally Hawkins,Michael Shannon,American Sign Language,English,USA,Canada
84,guiurdfel76@digi.com,Snow Falling on Cedars,1999,,6.7,13497,44,,Scott Hicks,Mystery,Drama,Ethan Hawke,Yûki Kudô,Japanese,English,USA,
85,adidialar3@digi.com,Sliver,1993,10.0,5.000177582042904,28156,38,,Phillip Noyce,Thriller,Drama,Sharon Stone,William Baldwin,,English,USA,
86,vikmoulir84896@gmail.com,47 Meters Down: Uncaged,2019,,5.0,16521,43,,Johannes Roberts,Drama,Adventure,Sophie Nélisse,Corinne Foxx,,English,UK,USA
88,naytracam020337@digi.com,The Electric Horseman,1979,,6.4,7199,64,,Sydney Pollack,Drama,Comedy,Robert Redford,Jane Fonda,,English,USA,
89,xesmalref0@digi.com,The Hollars,2016,10.0,6.500318095064983,11003,53,,John Krasinski,Drama,Comedy,Margo Martindale,Sharlto Copley,,English,USA,
90,wiltixtre7191@gmail.com,Breathe In,2013,,6.4,13797,60,,Drake Doremus,Romance,Drama,Guy Pearce,Felicity Jones,,English,USA,
91,naytracam020337@digi.com,The Brothers Bloom,2008,,6.8,48098,55,,Rian Johnson,Adventure,Action,Rachel Weisz,Adrien Brody,French,English,USA,
92,mimguarez39608@orange.com,Addicted to Fresno,2015,,5.4,2261,34,,Jamie Babbit,Crime,Comedy,Judy Greer,Natasha Lyonne,,English,USA,
94,julzanbai012@hotmail.com,Carny,1980,,6.4,1837,68,,Robert Kaylor,,Drama,Gary Busey,Jodie Foster,,English,USA,
95,temifkalo07834@orange.com,Love Ranch,2010,,5.6,2893,37,,Taylor Hackford,Comedy,Biography,Helen Mirren,Joe Pesci,,English,USA,Germany
96,vazbanben7743@digi.com,Contraband,2012,,6.5,114650,51,,Baltasar Kormákur,Crime,Action,Robert Wahlberg,Caleb Landry Jones,Spanish,English,USA,UK
97,ursridgra182458@movistar.com,Bend It Like Beckham,2002,,6.6,102352,66,,Gurinder Chadha,Drama,Comedy,Parminder Nagra,Keira Knightley,Punjabi,English,UK,Germany
98,yahkniple6@orange.com,Bandits,2001,5.0,6.49997666677037,64286,60,,Barry Levinson,Crime,Comedy,Bruce Willis,Billy Bob Thornton,,English,USA,
99,temifkalo07834@orange.com,The Amateurs,2005,,6.3,6065,45,,Michael Traeger,,Comedy,Jeff Bridges,Tim Blake Nelson,,English,USA,Germany
100,julcarbad6@jazztel.com,Sabotage,2014,4.0,5.699970559201982,57743,41,,David Ayer,Crime,Action,Arnold Schwarzenegger,Sam Worthington,Spanish,English,USA,
101,vlabonalb299970@digi.com,Good Boys,2019,,6.7,51348,60,,Gene Stupnitsky,Comedy,Adventure,Jacob Tremblay,Keith L. Williams,,English,USA,
102,almfetest52084@jazztel.com,Slaughterhouse-Five,1972,,6.9,11821,66,,George Roy Hill,Drama,Comedy,Michael Sacks,Ron Leibman,German,English,USA,
103,yihcarhol30408@gmail.com,Sweet Land,2005,,7.1,3576,75,,Ali Selim,Romance,Drama,Elizabeth Reaser,Lois Smith,German,English,USA,
104,estbouel3440@orange.com,The Wind,2018,,5.5,5232,66,,Emma Tammi,Western,Horror,Caitlin Gerard,Julia Goldani Telles,,English,USA,
105,anaustdob5@digi.com,Bloodline,2018,,6.0,4788,50,,Henry Jacobson,Horror,Crime,Seann William Scott,Mariela Garriga,,English,USA,
106,adidialar3@digi.com,Labor Day,2013,3.0,6.899905410977177,41231,52,,Jason Reitman,Romance,Drama,Kate Winslet,Josh Brolin,,English,USA,
107,conwendi39269@orange.com,The Brothers McMullen,1995,,6.599417556510885,7211,73,,Edward Burns,Drama,Comedy,Shari Albert,Maxine Bahns,,English,USA,
108,estgubalz27234@gmail.com,Flypaper,2011,,6.4,31199,37,,Rob Minkoff,Crime,Comedy,Patrick Dempsey,Ashley Judd,,English,Germany,USA
109,adidialar3@digi.com,Fighting,2009,,5.6,31576,61,,Dito Montiel,Crime,Action,Channing Tatum,Terrence Howard,Russian,English,USA,
110,conwendi39269@orange.com,Bringing Out the Dead,1999,,6.8,61939,70,,Martin Scorsese,Thriller,Drama,Nicolas Cage,Patricia Arquette,,English,USA,
111,harraeel5@jazztel.com,Downhill Racer,1969,,6.4,3949,89,,Michael Ritchie,Sport,Drama,Robert Redford,Gene Hackman,German,English,USA,
112,saafrarei8189@jazztel.com,Sounder,1972,,7.5,3390,80,,Martin Ritt,Family,Drama,Cicely Tyson,Paul Winfield,,English,USA,
113,vicalihma19867@gmail.com,Murder Mystery,2019,,6.0,90373,38,,Kyle Newacheck,Comedy,Action,Adam Sandler,Jennifer Aniston,French,English,USA,
114,gemyanbic970@hotmail.com,Opening Night,1977,10.0,8.000233263354326,8574,69,,John Cassavetes,,Drama,Gena Rowlands,John Cassavetes,,English,USA,
115,emigraloz8@hotmail.com,The Brave One,2007,,6.7,57359,56,,Neil Jordan,Crime,Action,Jodie Foster,Terrence Howard,,English,USA,
116,lucboufan4887@hotmail.com,The Way of the Gun,2000,,6.7,31147,49,,Christopher McQuarrie,Crime,Action,Ryan Phillippe,Benicio Del Toro,Spanish,English,USA,
117,julharsel07108@orange.com,The Gumball Rally,1976,10.0,6.3010384507437545,3563,37,,Charles Bail,,Comedy,Michael Sarrazin,Norman Burton,Italian,English,USA,
118,lucboufan4887@hotmail.com,Iris,2001,2.0,6.999703686144364,16874,76,,Richard Eyre,Drama,Biography,Kate Winslet,Hugh Bonneville,,English,UK,USA
119,tescitel7807@orange.com,My Big Fat Greek Wedding,2002,,6.5,117210,62,,Joel Zwick,Drama,Comedy,Nia Vardalos,Michael Constantine,Greek,English,Canada,USA
120,valdemesp8@movistar.com,Bad Kids Go to Hell,2012,,4.5,3466,40,,Matthew Spradlin,Mystery,Comedy,Cameron Deane Stewart,Ben Browder,,English,USA,
121,julcarbad6@jazztel.com,The Vault,2017,,4.8,11617,50,,Dan Bush,Horror,Crime,James Franco,Scott Haze,,English,USA,
122,marchesui6@vodafone.com ,Underworld: Rise of the Lycans,2009,,6.6,147854,44,,Patrick Tatopoulos,Fantasy,Action,Michael Sheen,Bill Nighy,,English,USA,New Zealand
123,almfetest52084@jazztel.com,The Girl on the Train,2016,5.0,6.499990795004756,162955,48,,Tate Taylor,Drama,Crime,Emily Blunt,Haley Bennett,Spanish,English,USA,India
124,darbassom07@vodafone.com ,Cobb,1994,5.0,6.399797979797981,6930,66,,Ron Shelton,Drama,Biography,Tommy Lee Jones,Robert Wuhl,,English,USA,
125,shuforfog38@orange.com,The Girl Is in Trouble,2015,6.0,4.901298701298702,847,55,,Julius Onah,Crime,Action,Columbus Short,Wilmer Valderrama,,English,USA,
126,julzanbai012@hotmail.com,Person to Person,2017,4.0,5.698733233979136,1342,53,,Dustin Guy Defa,Drama,Comedy,Abbi Jacobson,Michael Cera,,English,USA,
127,julzanbai012@hotmail.com,Freedom,2014,,6.3,1652,30,,Peter Cousens,Music,Drama,Cuba Gooding Jr.,Sharon Leal,,English,USA,
128,tabcalras13@hotmail.com,Land of the Dead,2005,,6.2,89854,71,,George A. Romero,Sci-Fi,Horror,Simon Baker,John Leguizamo,Spanish,English,France,Canada
129,raubetpen522@jazztel.com,The Lego Batman Movie,2017,,7.3,126700,75,,Chris McKay,Action,Animation,Will Arnett,Michael Cera,,English,USA,Denmark
130,wiltixtre7191@gmail.com,Serendipity,2001,,6.9,101485,52,,Peter Chelsom,Romance,Comedy,John Cusack,Kate Beckinsale,French,English,USA,Canada
131,toldorral065@hotmail.com,The Secret Garden,1993,,7.3,35199,74,,Agnieszka Holland,Family,Drama,Kate Maberly,Heydon Prowse,,English,UK,USA
132,aguherbas3716@gmail.com,The Reluctant Fundamentalist,2012,,6.9,13040,54,,Mira Nair,Thriller,Drama,Riz Ahmed,Kate Hudson,Urdu,English,USA,UK
133,juaaouesq86543@vodafone.com ,Micki + Maude,1984,5.0,5.999619337647506,2627,64,,Blake Edwards,Romance,Comedy,Dudley Moore,Amy Irving,,English,USA,
134,julharsel07108@orange.com,Barton Fink,1991,,7.7,109681,69,Ethan Coen,Joel Coen,Drama,Comedy,John Turturro,John Goodman,,English,USA,UK
135,guemaiiva047323@vodafone.com ,Trolls,2016,,6.5,69013,55,Walt Dohrn,Mike Mitchell,Adventure,Animation,Anna Kendrick,Justin Timberlake,,English,USA,
136,marrachac85@movistar.com,Funny Bunny,2015,,6.0,178,47,,Alison Bagnall,Drama,Comedy,Olly Alexander,Kentucker Audley,,English,USA,
137,peltuegus5983@jazztel.com,Daltry Calhoun,2005,8.0,5.101294065149487,2241,30,,Katrina Holden Bronson,Drama,Comedy,Elizabeth Banks,Johnny Knoxville,,English,USA,
138,gemyanbic970@hotmail.com,An Innocent Man,1989,,6.5,5959,39,,Peter Yates,Crime,Action,Tom Selleck,F. Murray Abraham,,English,USA,
139,angabafah7@vodafone.com ,Jeepers Creepers 2,2003,,5.6,56756,36,,Victor Salva,,Horror,Ray Wise,Jonathan Breck,,English,USA,
140,peltuegus5983@jazztel.com,Dreamgirls,2006,6.0,6.499992537313433,67000,76,,Bill Condon,Music,Drama,Jamie Foxx,Beyoncé,,English,USA,
141,darciplle4433@jazztel.com,The Boy Downstairs,2017,,5.7,1257,59,,Sophie Brooks,Drama,Comedy,Zosia Mamet,Matthew Shear,,English,USA,
142,assaboshe7@vodafone.com ,Whatever It Takes,2000,,5.5,9572,20,,David Raynr,Drama,Comedy,Jodi Lyn O'Keefe,Shane West,,English,USA,
143,darbassom07@vodafone.com ,Never Goin' Back,2018,,6.0,2194,62,,Augustine Frizzell,Crime,Comedy,Maia Mitchell,Camila Morrone,,English,USA,
144,adidialar3@digi.com,The Adventures of Tintin,2011,,7.3,211573,68,,Steven Spielberg,Action,Animation,Jamie Bell,Andy Serkis,,English,USA,New Zealand
145,lucboufan4887@hotmail.com,The Crew,2000,,5.6,4435,37,,Michael Dinner,Crime,Comedy,Richard Dreyfuss,Burt Reynolds,Spanish,English,USA,
146,vikmoulir84896@gmail.com,The Brooklyn Banker,2016,,6.7,805,32,,Federico Castelluccio,Crime,Action,Troy Garity,Paul Sorvino,,English,USA,
147,mimguarez39608@orange.com,The Secret of My Success,1987,2.0,6.4998426243267815,28594,36,,Herbert Ross,Romance,Comedy,Michael J. Fox,Helen Slater,,English,USA,
148,gemyanbic970@hotmail.com,The Zero Theorem,2013,10.0,6.100088044067184,44296,50,,Terry Gilliam,Drama,Comedy,Christoph Waltz,Gwendoline Christie,,English,UK,Romania
149,raqmirbra6@digi.com,Space Jam,1996,,6.4,156780,59,,Joe Pytka,Adventure,Animation,Michael Jordan,Wayne Knight,,English,USA,
150,peltuegus5983@jazztel.com,Reservoir Dogs,1992,,8.3,887062,79,,Quentin Tarantino,Drama,Crime,Harvey Keitel,Tim Roth,,English,USA,
151,anaustdob5@digi.com,Sleepless in Seattle,1993,,6.8,153542,72,,Nora Ephron,Drama,Comedy,Tom Hanks,Ross Malinger,,English,USA,
152,naytracam020337@digi.com,Chapman,2013,,7.3,34,43,,Justin Owensby,,Drama,Jesse Johnson,Christopher Masterson,,English,USA,
153,julharsel07108@orange.com,Fateless,2005,,6.9,6419,87,,Lajos Koltai,Romance,Drama,Marcell Nagy,Béla Dóra,German,Hungarian,Hungary,Germany
154,joasantey6285@orange.com,Krystal,2017,7.0,5.401336675020886,1197,39,,William H. Macy,Drama,Comedy,Rosario Dawson,Nick Robinson,,English,USA,
155,saafrarei8189@jazztel.com,Albino Alligator,1996,,6.1,7459,48,,Kevin Spacey,Drama,Crime,Matt Dillon,Faye Dunaway,,English,USA,France
156,vlabonalb299970@digi.com,Feral,2017,5.0,4.500202675314147,2467,41,,Mark Young,Drama,Action,Scout Taylor-Compton,Olivia Luccardi,,English,USA,
157,crileceng08@vodafone.com ,Pet Sematary II,1992,,4.9,18734,35,,Mary Lambert,Horror,Fantasy,Edward Furlong,Anthony Edwards,,English,USA,
158,josciclir66828@movistar.com,Midway,1976,,6.8,48193,48,,Jack Smight,Drama,Action,Charlton Heston,Henry Fonda,,English,USA,
159,marmaybaz2601@movistar.com,Lords of Dogtown,2005,,7.1,51057,56,,Catherine Hardwicke,Drama,Biography,John Robinson,Emile Hirsch,Spanish,English,USA,Germany
160,gemyanbic970@hotmail.com,Buster's Mal Heart,2017,,6.1,7231,63,,Sarah Adina Smith,Mystery,Drama,Rami Malek,DJ Qualls,Spanish,English,USA,
161,javriscon547659@gmail.com,The Believers,1987,,6.1,5986,40,,John Schlesinger,Drama,Crime,Martin Sheen,Helen Shaver,,English,USA,
162,tiaferric09@vodafone.com ,Beneath the Planet of the Apes,1970,,6.1,40758,46,,Ted Post,Adventure,Action,James Franciscus,Kim Hunter,,English,USA,
163,nicpetriu089@movistar.com,Insomnia,2002,,7.2,265655,78,,Christopher Nolan,Mystery,Drama,Al Pacino,Martin Donovan,,English,USA,UK
164,yihcarhol30408@gmail.com,Star Trek VI: The Undiscovered Country,1991,,7.2,68283,65,,Nicholas Meyer,Adventure,Action,William Shatner,Leonard Nimoy,Klingon,English,USA,
165,isademiq051102@vodafone.com ,The Super,2017,,5.9,12223,47,,Stephan Rick,Mystery,Horror,Patrick John Flueger,Val Kilmer,,English,USA,
166,emigraloz8@hotmail.com,Parkland,2013,,6.3,14724,51,,Peter Landesman,History,Drama,Marcia Gay Harden,Matt Barr,,English,USA,
167,marchesui6@vodafone.com ,Who'll Stop the Rain,1978,,6.7,2424,73,,Karel Reisz,Crime,Action,Nick Nolte,Tuesday Weld,,English,USA,
168,ricgoojul63@orange.com,Breakin',1984,,5.800212089077412,5658,53,,Joel Silberg,Drama,Comedy,Lucinda Dickey,Adolfo Quinones,,English,USA,
169,joasantey6285@orange.com,In Bruges,2008,0.0,7.9,380379,67,,Martin McDonagh,Crime,Comedy,Elizabeth Berrington,Rudy Blomme,,English,UK,USA
170,jacavioli86730@vodafone.com ,A League of Their Own,1992,,7.3,89806,67,,Penny Marshall,Drama,Comedy,Tom Hanks,Geena Davis,,English,USA,
171,guidobger8790@hotmail.com,The Santa Clause,1994,,6.5,91691,57,,John Pasquin,Drama,Comedy,Tim Allen,Judge Reinhold,Spanish,English,USA,Canada
172,jaibelvec58@movistar.com,The Kid,2000,,6.1,5939,45,,Jon Turteltaub,Family,Comedy,Bruce Willis,Spencer Breslin,,English,USA,
173,vikmoulir84896@gmail.com,Captive,2015,,5.4,6310,36,,Jerry Jameson,Crime,Action,Elle Graham,Kate Mara,,English,Mexico,USA
174,josciclir66828@movistar.com,New Year's Evil,1980,,4.9,2435,33,,Emmett Alston,Thriller,Horror,Roz Kelly,Kip Niven,,English,USA,
175,wiosormas415@movistar.com,Revenge,1990,,6.3,16077,35,,Tony Scott,Crime,Action,Kevin Costner,Anthony Quinn,Spanish,English,USA,Mexico
176,annroddio997@gmail.com,Swing Shift,1984,,5.9,4094,60,,Jonathan Demme,Romance,Drama,Goldie Hawn,Kurt Russell,,English,USA,
177,peltuegus5983@jazztel.com,This Is the End,2013,5.0,6.59999574011507,375597,67,Seth Rogen,Evan Goldberg,,Comedy,James Franco,Jonah Hill,Spanish,English,USA,
178,darciplle4433@jazztel.com,The Master of Disguise,2002,,3.3,21788,12,,Perry Andelin Blake,Comedy,Adventure,Dana Carvey,Jennifer Esposito,,English,USA,
179,temifkalo07834@orange.com,Cry-Baby,1990,,6.5,53222,63,,John Waters,Musical,Comedy,Johnny Depp,Amy Locane,,English,USA,
180,aleechgua159671@movistar.com,Love Is Blind,2019,,5.0,469,25,Andy Delaney,Monty Whitebloom,Drama,Comedy,Shannon Tarbet,Aidan Turner,,English,USA,
181,jacavioli86730@vodafone.com ,Romancing the Stone,1984,,6.9,80088,63,,Robert Zemeckis,Adventure,Action,Michael Douglas,Kathleen Turner,Spanish,English,Mexico,USA
182,joasantey6285@orange.com,The Curse of la Llorona,2019,,5.3,33316,41,,Michael Chaves,Mystery,Horror,Linda Cardellini,Roman Christou,Spanish,English,USA,
183,marchesui6@vodafone.com ,Star Trek: First Contact,1996,10.0,7.600020832429148,115205,71,,Jonathan Frakes,Adventure,Action,Patrick Stewart,Jonathan Frakes,,English,USA,
184,conwendi39269@orange.com,Intruders,2011,,5.4,11105,45,,Juan Carlos Fresnadillo,Horror,Fantasy,Clive Owen,Carice van Houten,Spanish,English,USA,UK
185,raqmirbra6@digi.com,The Intruder,2019,2.0,5.599683683331868,11381,39,,Deon Taylor,Horror,Drama,Michael Ealy,Joseph Sikora,,English,USA,Canada
186,temifkalo07834@orange.com,Urban Cowboy,1980,2.0,6.299661230599543,12693,61,,James Bridges,Romance,Drama,John Travolta,Debra Winger,Spanish,English,USA,
187,conwendi39269@orange.com,Brüno,2009,,5.8,138032,54,,Larry Charles,,Comedy,Sacha Baron Cohen,Gustaf Hammarsten,German,English,USA,UK
188,siljaugea161@orange.com,Pain & Gain,2013,,6.4,196371,45,,Michael Bay,Comedy,Action,Mark Wahlberg,Dwayne Johnson,,English,USA,
189,anaustdob5@digi.com,Wolfen,1981,10.0,6.300423971582445,8727,64,,Michael Wadleigh,Thriller,Horror,Albert Finney,Diane Venora,,English,USA,
190,alifenvel96289@vodafone.com ,My Cousin Vinny,1992,,7.6,102397,68,,Jonathan Lynn,Crime,Comedy,Joe Pesci,Ralph Macchio,,English,USA,
191,temifkalo07834@orange.com,School Daze,1988,6.0,6.0,6025,49,,Spike Lee,Drama,Comedy,Laurence Fishburne,Giancarlo Esposito,,English,USA,
192,crileceng08@vodafone.com ,Isle of Dogs,2018,,7.9,129530,82,,Wes Anderson,Adventure,Animation,Bryan Cranston,Koyu Rankin,Japanese,English,Germany,Japan
193,josdasvig2879@orange.com,+1,2013,,5.5,7614,60,,Dennis Iliadis,Sci-Fi,Horror,Rhys Wakefield,Logan Miller,,English,USA,
194,pabkarbor59537@hotmail.com,Found,2012,,5.8,3651,41,,Scott Schirmer,Horror,Drama,Gavin Brown,Ethan Philbeck,,English,USA,
195,fedarrker26@jazztel.com,My Little Pony: The Movie,2017,7.0,6.100157425223019,5717,39,,Jayson Thiessen,Adventure,Animation,Uzo Aduba,Ashleigh Ball,,English,USA,Canada
196,anaustdob5@digi.com,The Guru,2002,1.0,5.299706524706525,14652,47,,Daisy von Scherler Mayer,Music,Comedy,Jimi Mistry,Heather Graham,Hindi,English,UK,France
197,peltuegus5983@jazztel.com,Heartbreak Ridge,1986,,6.9,38334,53,,Clint Eastwood,War,Drama,Clint Eastwood,Marsha Mason,Spanish,English,USA,
198,yesbelhar0221@gmail.com,Videodrome,1983,6.0,7.199985051572076,80276,60,,David Cronenberg,Sci-Fi,Horror,James Woods,Sonja Smits,,English,Canada,France
199,juaaouesq86543@vodafone.com ,Scream 3,2000,,5.6,120041,56,,Wes Craven,Mystery,Horror,Liev Schreiber,Beth Toussaint,,English,USA,
200,marchesui6@vodafone.com ,Father Figures,2017,,5.5,16912,22,,Lawrence Sher,Drama,Comedy,Robert Jon Mello,Ed Helms,,English,USA,
201,estgubalz27234@gmail.com,Dreamer: Inspired by a True Story,2005,,6.8,11829,59,,John Gatins,Family,Drama,Kurt Russell,Dakota Fanning,,English,USA,
202,mimguarez39608@orange.com,Black Swan,2010,,8.0,680793,79,,Darren Aronofsky,Thriller,Drama,Natalie Portman,Mila Kunis,French,English,USA,
203,vlabonalb299970@digi.com,Lord of War,2005,10.0,7.600008335822502,287914,62,,Andrew Niccol,Crime,Action,Nicolas Cage,Bridget Moynahan,Ukrainian,English,USA,Germany
204,crileceng08@vodafone.com ,Kill Bill: Vol. 1,2003,,8.1,967359,69,,Quentin Tarantino,Crime,Action,Uma Thurman,Lucy Liu,Japanese,English,USA,Japan
205,raqmirbra6@digi.com,Weightless,2017,,5.7,181,56,,Jaron Albertin,,Drama,Julianne Nicholson,Marc Menchaca,,English,USA,
206,ayapamaba766140@hotmail.com,Diary of the Dead,2007,,5.6,45249,66,,George A. Romero,Horror,Fantasy,Todd Schroeder,Laura de Carteret,,English,USA,Canada
207,tarbelmor2@digi.com,E.T. the Extra-Terrestrial,1982,1.0,7.799981023926596,358346,91,,Steven Spielberg,Sci-Fi,Family,Dee Wallace,Henry Thomas,,English,USA,
208,ainsalalp45038@movistar.com,Sneakers,1992,,7.1,50844,65,,Phil Alden Robinson,Crime,Comedy,Jo Marr,Gary Hershberger,Russian,English,USA,
210,pabkarbor59537@hotmail.com,Bug,2006,,6.1,32258,62,,William Friedkin,Horror,Drama,Ashley Judd,Michael Shannon,,English,USA,Germany
211,naytracam020337@digi.com,Are We Not Cats,2016,8.0,5.804014598540146,548,68,,Xander Robin,Horror,Comedy,Michael Patrick Nicholson,Chelsea Lopez,,English,USA,
213,manortlle3879@gmail.com,The Last Man,2000,5.0,5.299457504520795,553,32,,Harry Ralston,Comedy,Action,David Arnott,Jeri Ryan,,English,USA,
214,hercamare50@vodafone.com ,8MM,1999,1.0,6.4999543265238335,120420,19,,Joel Schumacher,Thriller,Mystery,Nicolas Cage,Joaquin Phoenix,,English,Germany,USA
215,alifenvel96289@vodafone.com ,Corporate Animals,2019,,4.4,1727,31,,Patrick Brice,Horror,Comedy,Demi Moore,Ed Helms,,English,USA,
216,kencarzai79@jazztel.com,There's Something About Mary,1998,,7.1,284307,69,Peter Farrelly,Bobby Farrelly,Romance,Comedy,Cameron Diaz,Matt Dillon,,English,USA,
217,adachusan1@movistar.com,Bang the Drum Slowly,1973,6.0,6.899826723142088,5194,80,,John D. Hancock,Sport,Drama,Michael Moriarty,Robert De Niro,Spanish,English,USA,
218,isasasjar59@orange.com,The King of Staten Island,2020,,7.1,1585,68,,Judd Apatow,Drama,Comedy,Pete Davidson,Bel Powley,,English,USA,
219,javriscon547659@gmail.com,Network,1976,,8.1,140110,83,,Sidney Lumet,,Drama,Faye Dunaway,William Holden,,English,USA,
220,jaibelvec58@movistar.com,Girls Against Boys,2012,,4.7,3354,17,,Austin Chick,Horror,Drama,Nicole LaLiberte,Danielle Panabaker,,English,USA,
221,julharsel07108@orange.com,G.I. Jane,1997,,5.9,71499,62,,Ridley Scott,Drama,Action,Demi Moore,Viggo Mortensen,,English,USA,UK
222,tabcalras13@hotmail.com,The Unspeakable Act,2012,,5.7,484,76,,Dan Sallitt,,Drama,Tallie Medel,Sky Hirschkron,,English,USA,
223,adachusan1@movistar.com,The Twilight Saga: New Moon,2009,,4.7,258373,44,,Chris Weitz,Drama,Adventure,Kristen Stewart,Christina Jastrzembska,Italian,English,USA,
224,annroddio997@gmail.com,Hard Rain,1998,,5.9,31418,36,,Mikael Salomon,Crime,Action,Morgan Freeman,Christian Slater,,English,USA,UK
225,vlabonalb299970@digi.com,Exists,2014,,5.2,7989,22,,Eduardo Sánchez,Adventure,Action,Chris Osborn,Dora Madison,,English,USA,
226,verrocmat8819@digi.com,Barry Lyndon,1975,,8.1,143059,89,,Stanley Kubrick,Drama,Adventure,Ryan O'Neal,Marisa Berenson,German,English,UK,USA
227,emigraloz8@hotmail.com,Christmas in the Clouds,2001,3.0,6.494942196531792,692,56,,Kate Montgomery,Family,Comedy,Timothy Vahle,Sam Vlahos,,English,USA,
228,juaaouesq86543@vodafone.com ,Don't Sleep,2017,,3.4,988,26,,Rick Bieber,Horror,Fantasy,Dominic Sherwood,Charlbi Dean,,English,USA,
229,guemaiiva047323@vodafone.com ,National Security,2003,,5.6,46414,31,,Dennis Dugan,Comedy,Action,Martin Lawrence,Steve Zahn,,English,USA,
231,naytracam020337@digi.com,Valley of Saints,2012,,7.1,175,85,,Musa Syeed,,Drama,Mohammed Afzal,Gulzar Ahmed Bhat,English,Kashmiri,India,USA
232,yahkniple6@orange.com,Final Fantasy: The Spirits Within,2001,,6.4,79300,49,Motonori Sakakibara,Hironobu Sakaguchi,Action,Animation,Ming-Na Wen,Alec Baldwin,,English,USA,Japan
233,wiosormas415@movistar.com,Teenage Mutant Ninja Turtles III,1993,,4.8,30089,40,,Stuart Gillard,Adventure,Action,Elias Koteas,Paige Turco,,English,USA,Hong Kong
234,josdasvig2879@orange.com,The Motel Life,2012,,5.9,3404,61,Gabe Polsky,Alan Polsky,Drama,Animation,Emile Hirsch,Stephen Dorff,,English,USA,
235,adrlukest73@movistar.com,Least Among Saints,2012,,6.5,558,32,,Martin Papazian,Drama,Crime,Martin Papazian,Tristan Lake Leabu,,English,USA,
236,saafrarei8189@jazztel.com,Running with Scissors,2006,,6.2,21657,52,,Ryan Murphy,Drama,Comedy,Annette Bening,Brian Cox,,English,USA,
237,yesbelhar0221@gmail.com,Gods and Monsters,1998,,7.4,28589,74,,Bill Condon,Drama,Biography,Ian McKellen,Brendan Fraser,Hungarian,English,USA,UK
238,sanolealg5@vodafone.com ,Next Friday,2000,,6.2,35689,41,,Steve Carr,,Comedy,Ice Cube,Mike Epps,Spanish,English,USA,
239,ainsalalp45038@movistar.com,Rainbow Time,2016,,5.9,543,55,,Linas Phillips,Drama,Comedy,Linas Phillips,Melanie Lynskey,,English,USA,
240,adrlukest73@movistar.com,Jurassic Park,1993,,8.1,833363,68,,Steven Spielberg,Adventure,Action,Sam Neill,Laura Dern,Spanish,English,USA,
241,angabafah7@vodafone.com ,Abundant Acreage Available,2017,,5.7,204,68,,Angus MacLachlan,,Drama,Steve Coulter,Max Gail,,English,USA,
242,kevurigav650483@movistar.com,Connie and Carla,2004,,6.3,7801,44,,Michael Lembeck,Crime,Comedy,Nia Vardalos,Toni Collette,,English,USA,
243,adachusan1@movistar.com,The Valley,2017,2.0,7.008928571428571,56,33,,Saila Kariat,Mystery,Drama,Alyy Khan,Suchitra Pillai,,English,USA,
244,chobunbux37@orange.com,Madame Bovary,2014,,5.7,7391,52,,Sophie Barthes,Romance,Drama,Mia Wasikowska,Rhys Ifans,French,English,Germany,Belgium
245,julharsel07108@orange.com,Red Knot,2014,,5.2,431,61,,Scott Cohen,,Drama,Olivia Thirlby,Vincent Kartheiser,Polish,English,USA,Argentina
246,vikmoulir84896@gmail.com,Gone Baby Gone,2007,7.0,7.599997536885144,243594,72,,Ben Affleck,Drama,Crime,Casey Affleck,Michelle Monaghan,,English,USA,
247,siljaugea161@orange.com,When We First Met,2018,3.0,6.3999141327406806,39596,36,,Ari Sandel,Fantasy,Comedy,Adam Devine,Alexandra Daddario,Mandarin,English,USA,
249,jaighasal61@digi.com,Real Genius,1985,,7.0,29356,71,,Martha Coolidge,Romance,Comedy,Val Kilmer,Gabriel Jarret,,English,USA,
250,anaustdob5@digi.com,The Lorax,2012,,6.4,94961,46,Kyle Balda,Chris Renaud,Adventure,Animation,Danny DeVito,Ed Helms,,English,USA,France
251,raqmirbra6@digi.com,Police Academy 3: Back in Training,1986,2.0,5.399917747242114,41336,33,,Jerry Paris,,Comedy,Steve Guttenberg,Bubba Smith,,English,Canada,USA
252,yahkniple6@orange.com,Something Borrowed,2011,,5.9,56350,36,,Luke Greenfield,Drama,Comedy,Ginnifer Goodwin,Kate Hudson,,English,USA,
253,guiurdfel76@digi.com,Wake,2003,1.0,6.584487534626039,361,34,,Roy Finch,,Drama,Blake Gibbons,Gale Harold,,English,USA,
254,isademiq051102@vodafone.com ,Appaloosa,2008,,6.699987797437462,57365,64,,Ed Harris,Crime,Action,Robert Jauregui,Jeremy Irons,Apache languages,English,USA,
255,ainsalalp45038@movistar.com,The Jimmy Show,2001,,5.2,524,39,,Frank Whaley,Drama,Comedy,Frank Whaley,Carla Gugino,,English,USA,
256,yahkniple6@orange.com,Wild Things,1998,,6.5,105186,52,,John McNaughton,Drama,Crime,Kevin Bacon,Matt Dillon,,English,USA,
257,layprella7@vodafone.com ,Jacob's Ladder,2019,,3.4,95781,31,,David M. Rosenthal,Horror,Drama,Michael Ealy,Jesse Williams,,English,USA,
258,humpenpor2@orange.com,Star Wars: The Clone Wars,2008,,5.9,55005,35,,Dave Filoni,Action,Animation,Matt Lanter,Ashley Eckstein,,English,USA,
259,darciplle4433@jazztel.com,Murder of a Cat,2014,,5.3,1515,31,,Gillian Greene,Crime,Comedy,Fran Kranz,Aidan Andrews,,English,USA,
260,arimarman2722@gmail.com,Bachelorette,2012,,5.3,44495,53,,Leslye Headland,Romance,Comedy,Kirsten Dunst,Rebel Wilson,,English,USA,
261,nicpetriu089@movistar.com,Face/Off,1997,1.0,7.299981506650267,340663,82,,John Woo,Crime,Action,John Travolta,Nicolas Cage,Latin,English,USA,
262,levbouel8567@vodafone.com ,Simon Birch,1998,,6.9,20204,39,,Mark Steven Johnson,Drama,Comedy,Joseph Mazzello,Ashley Judd,,English,USA,
263,chobunbux37@orange.com,The Lego Ninjago Movie,2017,,6.0,21415,55,Paul Fisher,Charlie Bean,Action,Animation,Jackie Chan,Dave Franco,,English,USA,Denmark
264,julharsel07108@orange.com,The Bad News Bears,1976,,7.29973058153721,19672,84,,Michael Ritchie,Drama,Comedy,Walter Matthau,Tatum O'Neal,Spanish,English,USA,
265,humpenpor2@orange.com,Knight of Cups,2015,,5.7,23976,53,,Terrence Malick,Romance,Drama,Christian Bale,Cate Blanchett,German,English,USA,
266,adachusan1@movistar.com,The Wedding Date,2005,,6.2,47158,32,,Clare Kilner,Romance,Comedy,Debra Messing,Dermot Mulroney,,English,USA,UK
267,josciclir66828@movistar.com,Shirley Valentine,1989,,7.2,6745,52,,Lewis Gilbert,Drama,Comedy,Pauline Collins,Tom Conti,,English,UK,USA
268,javriscon547659@gmail.com,Titus,1999,,7.1,19337,57,,Julie Taymor,History,Drama,Osheen Jones,Dario D'Ambrosi,Latin,English,UK,Italy
269,nicpetriu089@movistar.com,The Human Centipede III (Final Sequence),2015,1.0,2.699878675421068,14012,5,,Tom Six,Horror,Comedy,Dieter Laser,Laurence R. Harvey,,English,USA,
270,alifenvel96289@vodafone.com ,Cloudy with a Chance of Meatballs 2,2013,10.0,6.400041383591406,86991,59,Kris Pearn,Cody Cameron,Adventure,Animation,Bill Hader,Anna Faris,Chinese,English,USA,
271,guiurdfel76@digi.com,The Human Stain,2003,,6.2,28714,57,,Robert Benton,Romance,Drama,Anthony Hopkins,Nicole Kidman,,English,Germany,France
272,aguherbas3716@gmail.com,Every Day,2018,2.0,6.399741024131843,16990,52,,Michael Sucsy,Fantasy,Drama,Angourie Rice,Justice Smith,,English,Canada,UK
273,ursridgra182458@movistar.com,Battleship,2012,8.0,5.800009481532561,232030,41,,Peter Berg,Adventure,Action,Taylor Kitsch,Alexander Skarsgård,Japanese,English,USA,
274,ainsalalp45038@movistar.com,Dom Hemingway,2013,,6.2,25265,55,,Richard Shepard,Crime,Comedy,Jude Law,Luca Zoo Franzoni,,English,UK,USA
275,guiurdfel76@digi.com,My Week with Marilyn,2011,,7.0,81783,65,,Simon Curtis,Drama,Biography,Michelle Williams,Eddie Redmayne,French,English,UK,USA
276,liznasnia193189@vodafone.com ,Last Christmas,2019,,6.5,34637,50,,Paul Feig,Drama,Comedy,Madison Ingoldsby,Emma Thompson,Serbo-Croatian,English,UK,USA
277,almfetest52084@jazztel.com,An American Werewolf in Paris,1997,,5.1,22611,31,,Anthony Waller,Fantasy,Comedy,Tom Everett Scott,Julie Delpy,French,English,UK,Netherlands
278,raqmirbra6@digi.com,Temple,2017,,3.6,4025,23,,Michael Barrett,Drama,Adventure,Logan Huffman,Natalia Warner,English,Japanese,Japan,USA
279,vazbanben7743@digi.com,Blinded by the Light,2019,,6.9,16543,71,,Gurinder Chadha,Drama,Comedy,Billy Barratt,Ronak Singh Chadha Berges,,English,UK,USA
280,ivamongra1@digi.com,Surveillance,2008,,6.3,16535,31,,Jennifer Lynch,Drama,Crime,Caroline Aaron,Hugh Dillon,,English,USA,Germany
281,estbouel3440@orange.com,Dealin' with Idiots,2013,4.0,5.498788368336026,1238,43,,Jeff Garlin,,Comedy,Jeff Garlin,Max Wright,,English,USA,
282,estbouel3440@orange.com,At Middleton,2013,,6.5,7631,60,,Adam Rodgers,Romance,Comedy,Andy Garcia,Vera Farmiga,,English,USA,
283,raqmirbra6@digi.com,Adam & Steve,2005,10.0,5.901391245334239,2947,48,,Craig Chester,Drama,Comedy,Malcolm Gets,Cary Curran,,English,USA,
284,raqmirbra6@digi.com,Kicks,2016,,6.4,4042,69,,Justin Tipping,Drama,Adventure,Jahking Guillory,Christopher Meyer,,English,USA,
285,alifenvel96289@vodafone.com ,Entourage,2015,,6.6,74455,38,,Doug Ellin,,Comedy,Kevin Connolly,Adrian Grenier,,English,USA,
286,mimguarez39608@orange.com,Willow,1988,,7.3,98049,47,,Ron Howard,Adventure,Action,Val Kilmer,Joanne Whalley,,English,USA,
287,jaibelvec58@movistar.com,Dr. Dolittle 2,2001,,4.7,40946,49,,Steve Carr,Family,Comedy,Eddie Murphy,Kristen Wilson,,English,USA,
288,ailestben8@jazztel.com,Free Ride,2013,,5.6,2063,41,,Shana Betz,Drama,Action,Anna Paquin,Liana Liberato,,English,USA,
289,angabafah7@vodafone.com ,The Brothers McMullen,1995,2.0,6.599417556510885,7211,73,,Edward Burns,Drama,Comedy,Shari Albert,Maxine Bahns,,English,USA,
290,ainsalalp45038@movistar.com,En el séptimo día,2017,,6.9,224,87,,Jim McKay,,Drama,Fernando Cardona,Gilberto Jimenez,Mixtec,Spanish,USA,
291,belcozkal350559@vodafone.com ,Grand Prix,1966,,7.2,7782,72,,John Frankenheimer,Sport,Drama,James Garner,Eva Marie Saint,French,English,USA,
292,joasantey6285@orange.com,Stars in Shorts,2012,,6.407960199004975,201,49,Robert Festinger,Jacob Chase,,Comedy,Lily Tomlin,Jesse Tyler Ferguson,,English,USA,
293,tarbelmor2@digi.com,The Little Traitor,2007,,6.9,802,47,,Lynn Roth,,Drama,Ido Port,Alfred Molina,English,Hebrew,Israel,USA
294,hercamare50@vodafone.com ,Top Gun,1986,,6.9,281834,50,,Tony Scott,Drama,Action,Tom Cruise,Kelly McGillis,,English,USA,
295,vicalihma19867@gmail.com,Love Object,2003,,6.3,3351,45,,Robert Parigi,Horror,Drama,Desmond Harrington,Melissa Sagemiller,,English,USA,
296,ainsalalp45038@movistar.com,The Last Boy Scout,1991,,7.0,90332,52,,Tony Scott,Comedy,Action,Bruce Willis,Damon Wayans,,English,USA,
297,estgubalz27234@gmail.com,Mystic Pizza,1988,,6.3,23850,60,,Donald Petrie,Drama,Comedy,Annabeth Gish,Julia Roberts,,English,USA,
298,naytracam020337@digi.com,The Postman,1997,9.0,6.100043179821623,67161,29,,Kevin Costner,Adventure,Action,Kevin Costner,Will Patton,,English,USA,
299,mimguarez39608@orange.com,The Vast of Night,2019,10.0,6.700406203840473,8124,84,,Andrew Patterson,Mystery,Drama,Sierra McCormick,Jake Horowitz,,English,USA,
300,marchesui6@vodafone.com ,Night Shift,1982,,6.6,13523,62,,Ron Howard,,Comedy,Henry Winkler,Michael Keaton,,English,USA,
301,tabcalras13@hotmail.com,Impolex,2009,,5.4,171,32,,Alex Ross Perry,Comedy,Adventure,Riley O'Bryan,Kate Lyn Sheil,,English,USA,
302,assaboshe7@vodafone.com ,The Art of Racing in the Rain,2019,,7.5,19447,43,,Simon Curtis,Drama,Comedy,Kevin Costner,Milo Ventimiglia,Italian,English,USA,
303,naytracam020337@digi.com,The Loneliest Planet,2011,,5.5,3776,76,,Julia Loktev,,Thriller,Hani Furstenberg,Gael García Bernal,Georgian,English,USA,Germany
304,adachusan1@movistar.com,The Bourne Ultimatum,2007,,8.0,594586,85,,Paul Greengrass,Mystery,Action,Matt Damon,Julia Stiles,French,English,USA,Germany
305,sanolealg5@vodafone.com ,Atomic Blonde,2017,0.0,6.7,167632,63,,David Leitch,Thriller,Action,Charlize Theron,James McAvoy,German,English,USA,Germany
306,gemyanbic970@hotmail.com,The Adventures of Buckaroo Banzai Across the 8th Dimension,1984,5.0,6.299943972762143,23203,70,,W.D. Richter,Comedy,Adventure,Peter Weller,John Lithgow,,English,USA,
307,chobunbux37@orange.com,Kill Me Later,2001,,6.3,2204,34,,Dana Lustig,Drama,Crime,Selma Blair,Max Beesley,,English,USA,
308,ismarrpla915496@movistar.com,Clara's Ghost,2018,,4.4,257,66,,Bridey Elliott,Drama,Comedy,Paula Niedert Elliott,Chris Elliott,,English,USA,
309,levbouel8567@vodafone.com ,Feral,2017,,4.500202675314147,2467,41,,Mark Young,Drama,Action,Scout Taylor-Compton,Olivia Luccardi,,English,USA,
310,yihcarhol30408@gmail.com,Kicking & Screaming,2005,,5.6,35253,45,,Jesse Dylan,Family,Comedy,Will Ferrell,Robert Duvall,Italian,English,USA,
311,guiurdfel76@digi.com,Turn the River,2007,3.0,5.79835390946502,1701,55,,Chris Eigeman,,Drama,Famke Janssen,Jaymie Dornan,,English,USA,
312,julharsel07108@orange.com,An Eye for an Eye,1981,,5.6,3439,33,,Steve Carver,Adventure,Action,Chuck Norris,Christopher Lee,,English,USA,
313,vikmoulir84896@gmail.com,Oliver & Company,1988,2.0,6.699888572783309,42180,58,,George Scribner,Adventure,Animation,Joey Lawrence,Billy Joel,,English,USA,
314,marchesui6@vodafone.com ,Middle Man,2016,,5.8,773,37,,Ned Crowley,Crime,Comedy,Jim O'Heir,Andrew J. West,,English,USA,
315,darciplle4433@jazztel.com,Blood Simple,1984,,7.6,84277,81,Ethan Coen,Joel Coen,Drama,Crime,John Getz,Frances McDormand,Spanish,English,USA,
316,marrachac85@movistar.com,Da Sweet Blood of Jesus,2014,,4.1,1380,52,,Spike Lee,Romance,Comedy,Stephen Tyrone Williams,Zaraah Abrahams,,English,USA,
317,vazbanben7743@digi.com,American Hero,2015,,4.9,3767,42,,Nick Love,Comedy,Action,Stephen Dorff,Eddie Griffin,,English,USA,
318,assaboshe7@vodafone.com ,Godspeed,2009,,4.4,512,42,,Robert Saitzyk,Mystery,Drama,Joseph McKelheer,Cory Knauf,,English,USA,
319,assaboshe7@vodafone.com ,Dirty Dancing: Havana Nights,2004,9.0,6.000114608801956,26176,39,,Guy Ferland,Music,Drama,Diego Luna,Romola Garai,Spanish,English,USA,
320,marmaybaz2601@movistar.com,Barcelona,1994,,7.0,5518,74,,Whit Stillman,Drama,Comedy,Taylor Nichols,Chris Eigeman,Spanish,English,USA,
321,guemaiiva047323@vodafone.com ,9 to 5,1980,2.0,6.799818202476992,26403,58,,Colin Higgins,,Comedy,Jane Fonda,Lily Tomlin,French,English,USA,
322,liznasnia193189@vodafone.com ,A Haunted House 2,2014,,4.7,19160,17,,Michael Tiddes,Fantasy,Comedy,Marlon Wayans,Jaime Pressly,,English,USA,
323,juaaouesq86543@vodafone.com ,D.E.B.S.,2004,7.0,5.300117638917722,14451,42,,Angela Robinson,Comedy,Action,Sara Foster,Jordana Brewster,,English,USA,
324,yurnalala36993@gmail.com,The Americanization of Emily,1964,,7.3,4581,68,,Arthur Hiller,Drama,Comedy,James Garner,Julie Andrews,,English,USA,
325,almfetest52084@jazztel.com,Mission: Impossible - Fallout,2018,,7.7,274309,86,,Christopher McQuarrie,Adventure,Action,Tom Cruise,Henry Cavill,French,English,USA,China
326,marrachac85@movistar.com,Seoul Searching,2015,,7.0,1081,63,,Benson Lee,Drama,Comedy,Justin Chon,Jessika Van,Korean,English,South Korea,China
327,adidialar3@digi.com,Austin Found,2017,,5.3,654,46,,Will Raée,Drama,Comedy,Linda Cardellini,Skeet Ulrich,,English,USA,
328,marrachac85@movistar.com,Margin Call,2011,2.0,7.099954771997659,112762,76,,J.C. Chandor,Thriller,Drama,Kevin Spacey,Paul Bettany,,English,USA,
329,wiltixtre7191@gmail.com,Sorcerer,1977,,7.7,16692,68,,William Friedkin,Drama,Adventure,Roy Scheider,Bruno Cremer,Spanish,English,USA,Mexico
330,eleirssas26@gmail.com,Wetlands,2019,6.0,4.205142857142857,350,37,,Emanuele Della Valle,Drama,Crime,Adewale Akinnuoye-Agbaje,Heather Graham,,English,USA,
331,emigraloz8@hotmail.com,Private Parts,1997,4.0,6.8999127058186085,33221,67,,Betty Thomas,Comedy,Biography,Howard Stern,Robin Quivers,,English,USA,
332,marmaybaz2601@movistar.com,Days and Nights,2014,,4.7,932,36,,Christian Camargo,Drama,Comedy,Allison Janney,Katie Holmes,,English,USA,
333,alifenvel96289@vodafone.com ,Mission: Impossible - Rogue Nation,2015,,7.4,331095,75,,Christopher McQuarrie,Adventure,Action,Tom Cruise,Jeremy Renner,English,Russian,USA,China
334,isademiq051102@vodafone.com ,The Sacrament,2013,,6.1,16399,49,,Ti West,Thriller,Horror,Joe Swanberg,AJ Bowen,,English,USA,
335,toldorral065@hotmail.com,The Den,2013,,6.0,12818,48,,Zachary Donohue,Mystery,Horror,Melanie Papalia,David Schlachtenhaufen,,English,USA,
336,jacavioli86730@vodafone.com ,P.S. I Love You,2007,,7.0,197071,39,,Richard LaGravenese,Drama,Comedy,Hilary Swank,Gerard Butler,,English,USA,
337,ayapamaba766140@hotmail.com,Defending Your Life,1991,,7.2,16343,63,,Albert Brooks,Drama,Comedy,Albert Brooks,Michael Durrell,Japanese,English,USA,
338,joasantey6285@orange.com,Armed Response,2017,,3.7,2111,13,,John Stockwell,Horror,Action,Wesley Snipes,Anne Heche,,English,USA,
339,elchadev223@jazztel.com,Striporama,1953,,6.3,52,46,,Jerald Intrator,Musical,Comedy,Georgia Sothern,Rosita Royce,,English,USA,
340,angabafah7@vodafone.com ,Year One,2009,10.0,4.900056641492671,90040,34,,Harold Ramis,,Comedy,Jack Black,Michael Cera,,English,USA,
341,belcozkal350559@vodafone.com ,Kalamity,2010,,4.6,385,28,,James M. Hausler,Thriller,Drama,Nick Stahl,Jonathan Jackson,,English,USA,
342,marmaybaz2601@movistar.com,To the Wonder,2012,,5.9,26562,58,,Terrence Malick,Romance,Drama,Ben Affleck,Olga Kurylenko,French,English,USA,
343,emigraloz8@hotmail.com,Rick,2003,7.0,6.001206272617612,829,52,,Curtiss Clayton,Drama,Comedy,Bill Pullman,Aaron Stanford,,English,USA,
344,tarbelmor2@digi.com,Go,1999,,7.2,65790,72,,Doug Liman,Crime,Comedy,Katie Holmes,Sarah Polley,,English,USA,
345,raubetpen522@jazztel.com,Mara,2018,,5.1,5902,32,,Clive Tonge,Horror,Crime,Olga Kurylenko,Craig Conway,,English,USA,
346,adidialar3@digi.com,I Sell the Dead,2008,,6.1,10296,62,,Glenn McQuaid,Horror,Comedy,Dominic Monaghan,Larry Fessenden,,English,USA,
347,marmaybaz2601@movistar.com,Volcano,1997,,5.5,70426,55,,Mick Jackson,Drama,Action,Tommy Lee Jones,Anne Heche,Spanish,English,USA,
348,ursridgra182458@movistar.com,Shadow: Dead Riot,2006,9.0,4.005452562704472,917,33,,Derek Wan,Horror,Action,Tony Todd,Carla Greene,,English,USA,
349,toldorral065@hotmail.com,Rudy,1993,,7.5,54172,71,,David Anspaugh,Drama,Biography,Sean Astin,Jon Favreau,Spanish,English,USA,
350,fedarrker26@jazztel.com,Pandorum,2009,4.0,6.699980856901796,141043,28,,Christian Alvart,Horror,Action,Dennis Quaid,Ben Foster,Vietnamese,English,Germany,UK
351,humpenpor2@orange.com,The House,2017,,5.6,38827,30,,Andrew Jay Cohen,Crime,Comedy,Will Ferrell,Amy Poehler,,English,USA,
352,tescitel7807@orange.com,Saw,2004,,7.6,368853,46,,James Wan,Mystery,Horror,Leigh Whannell,Cary Elwes,,English,USA,
353,julzanbai012@hotmail.com,Black Rose,2014,,2.5,2340,5,,Alexander Nevsky,Crime,Action,Alexander Nevsky,Kristanna Loken,Russian,English,Russia,USA
354,ursridgra182458@movistar.com,The Brothers McMullen,1995,7.0,6.599417556510885,7211,73,,Edward Burns,Drama,Comedy,Shari Albert,Maxine Bahns,,English,USA,
355,wiosormas415@movistar.com,Night of the Lepus,1972,,4.2,4066,37,,William F. Claxton,Sci-Fi,Horror,Stuart Whitman,Janet Leigh,,English,USA,
356,julcarbad6@jazztel.com,The Most Hated Woman in America,2017,,6.1,4752,41,,Tommy O'Haver,Drama,Biography,Melissa Leo,Brandon Mychal Smith,,English,USA,
357,lucboufan4887@hotmail.com,Bedazzled,2000,7.0,6.000010580331164,94515,49,,Harold Ramis,Fantasy,Comedy,Brendan Fraser,Elizabeth Hurley,Spanish,English,USA,Germany
358,javriscon547659@gmail.com,Snipes,2001,7.0,5.504322766570605,347,32,,Rich Murray,Drama,Action,Sam Jones III,Nelly,,English,USA,
359,assaboshe7@vodafone.com ,Colors,1988,,6.8,23488,66,,Dennis Hopper,Crime,Action,Sean Penn,Robert Duvall,Spanish,English,USA,
360,juaaouesq86543@vodafone.com ,Malice,1993,,6.4,21917,52,,Harold Becker,Mystery,Crime,Alec Baldwin,Nicole Kidman,French,English,Canada,USA
361,jaibelvec58@movistar.com,The Brothers Grimm,2005,,5.9,114180,51,,Terry Gilliam,Adventure,Action,Petr Ratimec,Barbora Lukesová,French,English,USA,Czech Republic
362,wiosormas415@movistar.com,The Favourite,2018,4.0,7.499978040731307,159386,91,,Yorgos Lanthimos,Comedy,Biography,Olivia Colman,Rachel Weisz,,English,Ireland,UK
363,aguherbas3716@gmail.com,Trolls World Tour,2020,,6.1,8529,51,David P. Smith,Walt Dohrn,Adventure,Animation,Anna Kendrick,Justin Timberlake,,English,USA,
364,humpenpor2@orange.com,Jersey Girl,2004,,6.2,62227,43,,Kevin Smith,Drama,Comedy,Betty Aberlin,Matt McFarland,,English,USA,
365,eleirssas26@gmail.com,The Pelican Brief,1993,0.0,6.6,74227,50,,Alan J. Pakula,Drama,Crime,Julia Roberts,Denzel Washington,,English,USA,
367,liznasnia193189@vodafone.com ,Bubble Boy,2001,,5.6,29505,41,,Blair Hayes,Comedy,Adventure,Jake Gyllenhaal,Swoosie Kurtz,,English,USA,
368,guemaiiva047323@vodafone.com ,Man of the Century,1999,6.0,6.899222797927461,1158,44,,Adam Abraham,Romance,Comedy,Gibson Frazier,Cara Buono,Chinese,Italian,USA,
369,chobunbux37@orange.com,Undercover Brother,2002,5.0,5.799975671319527,32883,69,,Malcolm D. Lee,Comedy,Action,Eddie Griffin,Chris Kattan,,English,USA,
370,aguherbas3716@gmail.com,X-Men: The Last Stand,2006,,6.7,472388,58,,Brett Ratner,Adventure,Action,Hugh Jackman,Halle Berry,,English,Canada,USA
371,valdemesp8@movistar.com,Guardians of the Galaxy Vol. 2,2017,,7.6,541872,67,,James Gunn,Adventure,Action,Chris Pratt,Zoe Saldana,,English,USA,
372,estgubalz27234@gmail.com,The Fish That Saved Pittsburgh,1979,,5.4,919,40,,Gilbert Moses,Sport,Comedy,Julius Erving,Jonathan Winters,,English,USA,
373,hercamare50@vodafone.com ,Captain America: The First Avenger,2011,5.0,6.89999734914175,716749,66,,Joe Johnston,Adventure,Action,Chris Evans,Hayley Atwell,Norwegian,English,USA,
374,jospiemol703@vodafone.com ,The Nice Guys,2016,,7.4,265059,70,,Shane Black,Comedy,Action,Russell Crowe,Ryan Gosling,German,English,USA,
375,ricgoojul63@orange.com,Incarnate,2016,,5.2,11102,30,,Brad Peyton,Thriller,Horror,Aaron Eckhart,Carice van Houten,,English,USA,
376,harraeel5@jazztel.com,Chuck & Buck,2000,5.0,6.499711316397229,5196,76,,Miguel Arteta,Drama,Comedy,Mike White,Chris Weitz,,English,USA,
377,ailestben8@jazztel.com,The Hunter's Prayer,2017,,5.5,7545,35,,Jonathan Mostow,Thriller,Action,Martin Compston,Tina Maskell,German,English,USA,Spain
378,adidialar3@digi.com,Swiss Army Man,2016,,7.0,101147,64,Daniel Scheinert,Dan Kwan,Drama,Comedy,Paul Dano,Daniel Radcliffe,,English,USA,Sweden
379,darbassom07@vodafone.com ,The Gatekeeper,2002,,5.0,209,48,,John Carlos Frey,,Drama,John Carlos Frey,Michelle Agnew,,English,USA,
380,saafrarei8189@jazztel.com,Me and Earl and the Dying Girl,2015,,7.7,119361,74,,Alfonso Gomez-Rejon,Drama,Comedy,Thomas Mann,RJ Cyler,,English,USA,
381,anaustdob5@digi.com,The Princess Bride,1987,,8.1,380659,77,,Rob Reiner,Family,Adventure,Cary Elwes,Mandy Patinkin,,English,USA,
382,darbassom07@vodafone.com ,The Legend of Zorro,2005,,6.0,90562,47,,Martin Campbell,Adventure,Action,Alberto Reyes,Julio Oscar Mechoso,English,Spanish,USA,Mexico
383,juapraang011054@hotmail.com,Down the Shore,2011,,5.9,1037,54,,Harold Guskin,Romance,Drama,Famke Janssen,James Gandolfini,,English,USA,
384,ricgoojul63@orange.com,For Whom the Bell Tolls,1943,,6.9,8079,68,,Sam Wood,Drama,Adventure,Gary Cooper,Ingrid Bergman,Spanish,English,USA,
385,eleirssas26@gmail.com,All the President's Men,1976,,8.0,98584,84,,Alan J. Pakula,Drama,Biography,Dustin Hoffman,Robert Redford,Spanish,English,USA,
386,pabkarbor59537@hotmail.com,All the Right Moves,1983,2.0,5.899742761031594,15161,62,,Michael Chapman,Romance,Drama,Tom Cruise,Craig T. Nelson,,English,USA,
387,anaustdob5@digi.com,The Loss of Sexual Innocence,1999,,5.4,3046,42,,Mike Figgis,,Drama,Julian Sands,Saffron Burrows,,English,USA,UK
388,yolmalmac0@orange.com,The Babymakers,2012,,4.9,8317,30,,Jay Chandrasekhar,,Comedy,Paul Schneider,Olivia Munn,,English,USA,
389,josdasvig2879@orange.com,Beyond the Valley of the Dolls,1970,,6.2,9667,60,,Russ Meyer,Drama,Comedy,Dolly Read,Cynthia Myers,,English,USA,
390,yurnalala36993@gmail.com,A Bug's Life,1998,,7.2,259283,77,Andrew Stanton,John Lasseter,Adventure,Animation,Dave Foley,Kevin Spacey,,English,USA,
391,adrlukest73@movistar.com,The Good Lie,2014,,7.4,26425,65,,Philippe Falardeau,Drama,Biography,Reese Witherspoon,Arnold Oceng,,English,Kenya,India
393,marrachac85@movistar.com,The Wave,2019,2.0,5.99802371541502,2024,51,,Gille Klabin,Thriller,Sci-Fi,Justin Long,Tommy Flanagan,,English,USA,
394,vikmoulir84896@gmail.com,Session 9,2001,,6.4,51570,58,,Brad Anderson,Mystery,Horror,David Caruso,Stephen Gevedon,,English,USA,
395,ivamongra1@digi.com,King of the Mountain,1981,10.0,5.513846153846154,325,48,,Noel Nosseck,,Drama,Harry Hamlin,Joseph Bottoms,,English,USA,
396,gemyanbic970@hotmail.com,Journey 2: The Mysterious Island,2012,,5.8,89739,41,,Brad Peyton,Adventure,Action,Dwayne Johnson,Michael Caine,,English,USA,
397,augmaepop467222@movistar.com,Hugo,2011,,7.5,297173,83,,Martin Scorsese,Family,Drama,Ben Kingsley,Sacha Baron Cohen,,English,UK,USA
398,darbassom07@vodafone.com ,Gimme the Loot,2012,,6.6,2374,81,,Adam Leon,Crime,Comedy,Tashiana Washington,Ty Hickson,,English,USA,
399,nicpetriu089@movistar.com,My Chauffeur,1986,,5.7,1742,37,,David Beaird,,Comedy,Deborah Foreman,Sam J. Jones,,English,USA,
400,siljaugea161@orange.com,Beneath,2013,8.0,3.70106094251172,4053,40,,Ben Ketai,Drama,Adventure,Brent Briscoe,Kurt Caceres,,English,USA,
402,alifenvel96289@vodafone.com ,Inherent Vice,2014,,6.7,91043,81,,Paul Thomas Anderson,Crime,Comedy,Joanna Newsom,Katherine Waterston,Japanese,English,USA,
403,julcarbad6@jazztel.com,Big Momma's House 2,2006,,4.7,39698,34,,John Whitesell,Crime,Comedy,Martin Lawrence,Nia Long,,English,USA,
404,marrachac85@movistar.com,The Bad News Bears,1976,2.0,7.29973058153721,19672,84,,Michael Ritchie,Drama,Comedy,Walter Matthau,Tatum O'Neal,Spanish,English,USA,
406,anaustdob5@digi.com,Trolls,2016,,6.5,69013,55,Walt Dohrn,Mike Mitchell,Adventure,Animation,Anna Kendrick,Justin Timberlake,,English,USA,
407,ursridgra182458@movistar.com,Front Cover,2015,,6.3,882,52,,Ray Yeung,Drama,Comedy,Jake Choi,James Chen,Mandarin,English,USA,
408,kencarzai79@jazztel.com,Judgment Night,1993,,6.6,14971,46,,Stephen Hopkins,Crime,Action,Emilio Estevez,Cuba Gooding Jr.,,English,Japan,USA
409,kencarzai79@jazztel.com,The Kill Team,2019,,5.9,2628,60,,Dan Krauss,Drama,Action,Nat Wolff,Alexander Skarsgård,,English,Spain,USA
410,yahkniple6@orange.com,Eight Heads in a Duffel Bag,1997,,5.4,9430,15,,Tom Schulman,Comedy,Adventure,Joe Pesci,Andy Comeau,Spanish,English,USA,UK
411,wiltixtre7191@gmail.com,Spartacus,1960,,7.9,120454,87,,Stanley Kubrick,Biography,Adventure,Kirk Douglas,Laurence Olivier,,English,USA,
412,josdasvig2879@orange.com,Drive Me Crazy,1999,5.0,5.799954843079702,17716,42,,John Schultz,Drama,Comedy,Melissa Joan Hart,Adrian Grenier,,English,USA,
413,aleechgua159671@movistar.com,Journey to the Center of the Earth,2008,7.0,5.800010873701952,110358,57,,Eric Brevig,Adventure,Action,Brendan Fraser,Josh Hutcherson,Icelandic,English,USA,
414,saafrarei8189@jazztel.com,House of the Dead,2003,4.0,2.0000563443768318,35496,15,,Uwe Boll,Adventure,Action,Jonathan Cherry,Tyron Leitso,,English,Germany,Canada
415,aleechgua159671@movistar.com,Cavemen,2013,,5.3,4291,19,,Herschel Faber,,Comedy,Skylar Astin,Camilla Belle,,English,USA,
416,yesbelhar0221@gmail.com,Stolen Summer,2002,,6.5,2610,36,,Pete Jones,,Drama,Aidan Quinn,Bonnie Hunt,,English,USA,
417,xesmalref0@digi.com,Breakin',1984,7.0,5.800212089077412,5658,53,,Joel Silberg,Drama,Comedy,Lucinda Dickey,Adolfo Quinones,,English,USA,
418,tabcalras13@hotmail.com,Sound of Metal,2019,,6.9,287,87,,Darius Marder,Music,Drama,Olivia Cooke,Riz Ahmed,,English,Belgium,USA
419,adrlukest73@movistar.com,Dorian Blues,2004,,6.6,2319,52,,Tennyson Bardwell,Drama,Comedy,Michael McMillian,Lea Coco,,English,USA,
420,xesmalref0@digi.com,Waterworld,1995,,6.2,175134,56,,Kevin Reynolds,Adventure,Action,Kevin Costner,Chaim Jeraffi,,English,USA,
421,estgubalz27234@gmail.com,The Tuxedo,2002,8.0,5.400033625617548,77322,30,,Kevin Donovan,Comedy,Action,Jackie Chan,Jennifer Love Hewitt,Cantonese,English,USA,
422,pabkarbor59537@hotmail.com,John Henry,2020,,3.5,1359,27,,Will Forbes,Thriller,Drama,Terry Crews,Maestro Harrell,,English,USA,
423,annroddio997@gmail.com,Body Cam,2020,,5.2,796,37,,Malik Vitthal,Mystery,Horror,Mary J. Blige,Nat Wolff,,English,USA,
424,guemaiiva047323@vodafone.com ,The 13th Warrior,1999,,6.6,113953,42,Michael Crichton,John McTiernan,Adventure,Action,Antonio Banderas,Diane Venora,English,Arabic,USA,
425,saafrarei8189@jazztel.com,Slice,2018,,4.5,2516,61,,Austin Vesely,Crime,Comedy,Zazie Beetz,Chance the Rapper,,English,USA,
427,crileceng08@vodafone.com ,Anatomy of a Murder,1959,,8.0,57513,95,,Otto Preminger,Drama,Crime,James Stewart,Lee Remick,,English,USA,
428,javriscon547659@gmail.com,The Man with One Red Shoe,1985,,5.7,14420,31,,Stan Dragoti,Thriller,Comedy,Tom Hanks,Dabney Coleman,,English,USA,
429,julcarbad6@jazztel.com,Not Forgotten,2009,,4.8,2487,48,,Dror Soref,Thriller,Horror,Simon Baker,Paz Vega,,English,USA,
430,shuforfog38@orange.com,Carol,2015,,7.2,110010,94,,Todd Haynes,Romance,Drama,Cate Blanchett,Rooney Mara,,English,UK,USA
431,wiosormas415@movistar.com,The Express,2008,,7.3,19366,58,,Gary Fleder,Drama,Biography,Rob Brown,Dennis Quaid,,English,USA,Germany
432,verrocmat8819@digi.com,Drinking Buddies,2013,,6.1,55093,71,,Joe Swanberg,Drama,Comedy,Olivia Wilde,Jake Johnson,,English,USA,
433,liznasnia193189@vodafone.com ,The Prophecy,1995,,6.5,28275,44,,Gregory Widen,Crime,Action,Christopher Walken,Elias Koteas,,English,USA,
434,humpenpor2@orange.com,Prime,2005,,6.2,39122,58,,Ben Younger,Drama,Comedy,Uma Thurman,Meryl Streep,,English,USA,
435,estbouel3440@orange.com,The Spiderwick Chronicles,2008,,6.5,85795,62,,Mark Waters,Adventure,Action,Freddie Highmore,Mary-Louise Parker,,English,USA,
436,annroddio997@gmail.com,No Mercy,1986,,5.7,6601,54,,Richard Pearce,Drama,Crime,Richard Gere,Kim Basinger,French,English,USA,
437,liznasnia193189@vodafone.com ,The Void,2016,,5.8,28784,62,Steven Kostanski,Jeremy Gillespie,Mystery,Horror,Aaron Poole,Kenneth Welsh,,English,Canada,USA
438,eleirssas26@gmail.com,Excalibur,1981,,7.4,55789,56,,John Boorman,Drama,Adventure,Nigel Terry,Helen Mirren,,English,USA,UK
439,gemyanbic970@hotmail.com,A Hologram for the King,2016,,6.1,38845,58,,Tom Tykwer,Drama,Comedy,Tom Hanks,Omar Elba,Arabic,English,UK,France
440,tescitel7807@orange.com,All Cheerleaders Die,2013,,5.1,7999,45,Chris Sivertson,Lucky McKee,Fantasy,Comedy,Sidney Allison,Charon R. Arnold,,English,USA,
441,belcozkal350559@vodafone.com ,Superman III,1983,6.0,5.000015974440895,62600,44,,Richard Lester,Adventure,Action,Christopher Reeve,Richard Pryor,Italian,English,UK,USA
442,levbouel8567@vodafone.com ,Super Dark Times,2017,,6.6,16886,75,,Kevin Phillips,Drama,Crime,Owen Campbell,Charlie Tahan,,English,USA,
443,sanolealg5@vodafone.com ,Home Fries,1998,,5.099860970677452,7912,45,,Dean Parisot,Romance,Comedy,Drew Barrymore,Catherine O'Hara,,English,USA,
444,tescitel7807@orange.com,Stray Bullets,2016,,4.1,332,55,,Jack Fessenden,Drama,Crime,James Le Gros,John Speredakos,,English,USA,
445,alifenvel96289@vodafone.com ,Insidious: Chapter 3,2015,,6.1,89592,52,,Leigh Whannell,Mystery,Horror,Dermot Mulroney,Stefanie Scott,,English,Canada,UK
446,alifenvel96289@vodafone.com ,Madame Bovary,2014,,5.7,7391,52,,Sophie Barthes,Romance,Drama,Mia Wasikowska,Rhys Ifans,French,English,Germany,Belgium
447,kevurigav650483@movistar.com,Vacancy,2007,,6.2,92386,54,,Nimród Antal,Thriller,Horror,Kate Beckinsale,Luke Wilson,,English,USA,
448,saafrarei8189@jazztel.com,Dead Man Walking,1995,,7.5,86366,80,,Tim Robbins,Drama,Crime,Susan Sarandon,Sean Penn,,English,UK,USA
449,darbassom07@vodafone.com ,Seeking a Friend for the End of the World,2012,,6.7,105557,59,,Lorene Scafaria,Comedy,Adventure,Steve Carell,Keira Knightley,,English,USA,
450,nicpetriu089@movistar.com,Home Fries,1998,4.0,5.099860970677452,7912,45,,Dean Parisot,Romance,Comedy,Drew Barrymore,Catherine O'Hara,,English,USA,
451,guemaiiva047323@vodafone.com ,The Hunting Party,2007,,6.8,24324,54,,Richard Shepard,Comedy,Adventure,Terrence Howard,Richard Gere,Serbo-Croatian,English,USA,Croatia
452,ainsalalp45038@movistar.com,After Words,2015,,6.3,732,35,,Juan Feldman,,Drama,Marcia Gay Harden,Huguette Urhausen,,English,USA,
453,vlabonalb299970@digi.com,The Year That Trembled,2002,,4.8,184,34,,Jay Craven,Romance,Drama,Jonathan Brandis,Charlie Finn,,English,USA,
454,yurnalala36993@gmail.com,Meet the Robinsons,2007,,6.8,84571,61,,Stephen J. Anderson,Adventure,Animation,Angela Bassett,Daniel Hansen,,English,USA,
455,guidobger8790@hotmail.com,Desperado,1995,,7.2,167350,55,,Robert Rodriguez,Crime,Action,Antonio Banderas,Salma Hayek,Spanish,English,USA,Mexico
456,assaboshe7@vodafone.com ,Mr. Brooks,2007,,7.3,140277,45,,Bruce A. Evans,Drama,Crime,Kevin Costner,Demi Moore,,English,USA,
457,zaibelgar033755@digi.com,Lorenzo's Oil,1992,,7.3,19972,80,,George Miller,,Drama,Nick Nolte,Susan Sarandon,Italian,English,USA,
458,juaaouesq86543@vodafone.com ,For Whom the Bell Tolls,1943,,6.9,8079,68,,Sam Wood,Drama,Adventure,Gary Cooper,Ingrid Bergman,Spanish,English,USA,
459,angabafah7@vodafone.com ,The City of Your Final Destination,2009,0.0,6.3,2790,52,,James Ivory,Romance,Drama,Nicholas Blandullo,Sofía Viruboff,Spanish,English,USA,
460,vicalihma19867@gmail.com,Carrie,2013,,5.9,162124,53,,Kimberly Peirce,Horror,Drama,Julianne Moore,Chloë Grace Moretz,,English,USA,Canada
461,toldorral065@hotmail.com,Close Encounters of the Third Kind,1977,,7.6,177944,90,,Steven Spielberg,Sci-Fi,Drama,Richard Dreyfuss,François Truffaut,French,English,USA,
462,assaboshe7@vodafone.com ,Welcome to Mooseport,2004,,5.2,12000,33,,Donald Petrie,Romance,Comedy,Gene Hackman,Ray Romano,,English,USA,Germany
464,tescitel7807@orange.com,Thief,1981,10.0,7.400109367770161,23773,78,,Michael Mann,Crime,Action,James Caan,Tuesday Weld,,English,USA,
465,marrachac85@movistar.com,The Brooklyn Banker,2016,,6.7,805,32,,Federico Castelluccio,Crime,Action,Troy Garity,Paul Sorvino,,English,USA,
466,chobunbux37@orange.com,The Return of the Pink Panther,1975,1.0,7.099748162827182,24222,61,,Blake Edwards,Crime,Comedy,Peter Sellers,Christopher Plummer,,English,UK,USA
467,harraeel5@jazztel.com,Coming Through the Rye,2015,9.0,6.303349875930521,806,64,,James Steven Sadwith,,Drama,Alex Wolff,Stefania LaVie Owen,,English,USA,
468,jossatcor68@gmail.com,Sister Act 2: Back in the Habit,1993,6.0,5.60000844880027,47344,38,,Bill Duke,Family,Comedy,Whoopi Goldberg,Kathy Najimy,,English,USA,
469,ainsalalp45038@movistar.com,Computer Chess,2013,3.0,6.29922788956481,4274,74,,Andrew Bujalski,,Comedy,Kriss Schludermann,Tom Fletcher,,English,USA,
470,guidobger8790@hotmail.com,Into the Wild,2007,,8.1,553544,73,,Sean Penn,Biography,Adventure,Emile Hirsch,Marcia Gay Harden,Danish,English,USA,
471,annroddio997@gmail.com,Tenacious D in the Pick of Destiny,2006,,6.8,99740,55,,Liam Lynch,Comedy,Adventure,Jack Black,Kyle Gass,,English,USA,Germany
472,belcozkal350559@vodafone.com ,Star Trek: First Contact,1996,,7.600020832429148,115205,71,,Jonathan Frakes,Adventure,Action,Patrick Stewart,Jonathan Frakes,,English,USA,
473,tabcalras13@hotmail.com,The Game of Their Lives,2005,,6.1,3046,47,,David Anspaugh,History,Drama,Gerard Butler,Wes Bentley,Spanish,English,USA,
474,josciclir66828@movistar.com,Antitrust,2001,,6.1,28034,31,,Peter Howitt,Crime,Action,Ryan Phillippe,Rachael Leigh Cook,,English,USA,
475,chlzabzal66964@gmail.com,The Dead Girl,2006,,6.6,14224,65,,Karen Moncrieff,Drama,Crime,Toni Collette,Piper Laurie,,English,USA,
476,siljaugea161@orange.com,Black Widow,1987,,6.3,8424,70,,Bob Rafelson,Drama,Crime,Debra Winger,Theresa Russell,,English,USA,
477,eleirssas26@gmail.com,Escape Plan,2013,,6.7,222095,49,,Mikael Håfström,Thriller,Action,Sylvester Stallone,Arnold Schwarzenegger,German,English,USA,
478,peltuegus5983@jazztel.com,Tropic Thunder,2008,,7.0,369018,71,,Ben Stiller,Comedy,Action,Jeff Kahn,Robert Downey Jr.,Mandarin,English,USA,UK
479,marchesui6@vodafone.com ,Chasing Papi,2003,,4.8,3873,33,,Linda Mendoza,Romance,Comedy,Roselyn Sanchez,Sofía Vergara,Spanish,English,USA,
480,harraeel5@jazztel.com,Malcolm X,1992,,7.7,81223,72,,Spike Lee,Drama,Biography,Denzel Washington,Angela Bassett,,English,USA,Japan
481,levbouel8567@vodafone.com ,Resident Evil: Afterlife,2010,,5.8,158900,37,,Paul W.S. Anderson,Adventure,Action,Milla Jovovich,Ali Larter,Japanese,English,Germany,France
482,nicpetriu089@movistar.com,Sahara,2005,,6.0,89900,41,,Breck Eisner,Adventure,Action,Jude Akuwudike,Mark Aspinall,French,English,UK,Spain
483,toldorral065@hotmail.com,The Souvenir,2019,,6.5,7307,91,,Joanna Hogg,Mystery,Drama,Neil Young,Tosin Cole,,English,UK,USA
484,jossatcor68@gmail.com,I Love You to Death,1990,,6.4,13046,45,,Lawrence Kasdan,Crime,Comedy,Kevin Kline,Tracey Ullman,Italian,English,USA,
485,gemyanbic970@hotmail.com,Restless City,2011,,5.7,227,59,,Andrew Dosunmu,Music,Drama,Hervé Diese,Momo Dione,French,English,USA,
486,pabkarbor59537@hotmail.com,Toad Road,2012,6.0,5.100758853288364,1186,54,,Jason Banker,,Horror,James Davidson,Sara Anne Jones,,English,USA,
487,juapraang011054@hotmail.com,The Conversation,1974,,7.8,94171,85,,Francis Ford Coppola,Mystery,Drama,Gene Hackman,John Cazale,,English,USA,
488,javriscon547659@gmail.com,In the Heart of the Sea,2015,6.0,6.899992263189113,116327,47,,Ron Howard,Adventure,Action,Chris Hemsworth,Benjamin Walker,,English,USA,Australia
489,tarbelmor2@digi.com,Hugo,2011,,7.5,297173,83,,Martin Scorsese,Family,Drama,Ben Kingsley,Sacha Baron Cohen,,English,UK,USA
490,elchadev223@jazztel.com,Ed Wood,1994,,7.8,162074,70,,Tim Burton,Comedy,Biography,Johnny Depp,Martin Landau,,English,USA,
491,estgubalz27234@gmail.com,How the Grinch Stole Christmas,2000,,6.2,196849,46,,Ron Howard,Family,Comedy,Jim Carrey,Taylor Momsen,,English,USA,Germany
492,ivamongra1@digi.com,Titanic,1997,,7.8,1014732,75,,James Cameron,Romance,Drama,Leonardo DiCaprio,Kate Winslet,Swedish,English,USA,Mexico
493,pabkarbor59537@hotmail.com,Mallrats,1995,,7.1,113559,41,,Kevin Smith,Romance,Comedy,Shannen Doherty,Jeremy London,,English,USA,
494,yurnalala36993@gmail.com,Boat Trip,2002,,4.9,29798,18,,Mort Nathan,,Comedy,Cuba Gooding Jr.,Horatio Sanz,Swedish,English,USA,Germany
495,anaustdob5@digi.com,Point Blank,2019,3.0,5.699742955064737,10504,37,,Joe Lynch,Thriller,Action,Frank Grillo,Stuart F. Wilson,,English,France,USA
496,josciclir66828@movistar.com,Falling Down,1993,,7.6,164148,56,,Joel Schumacher,Drama,Crime,Michael Douglas,Robert Duvall,Spanish,English,France,USA
497,levbouel8567@vodafone.com ,Masters of the Universe,1987,0.0,5.4,35732,35,,Gary Goddard,Adventure,Action,Dolph Lundgren,Frank Langella,,English,USA,Israel
498,vicalihma19867@gmail.com,Rock of Ages,2012,,5.9,72270,47,,Adam Shankman,Drama,Comedy,Julianne Hough,Dakota Sage Grant,,English,USA,
499,gemyanbic970@hotmail.com,Coyote Lake,2019,,5.0,410,40,,Sara Seligman,,Thriller,Camila Mendes,Adriana Barraza,Spanish,English,USA,
500,saafrarei8189@jazztel.com,Party Girl,1995,,6.6,4377,55,,Daisy von Scherler Mayer,,Comedy,Parker Posey,Anthony DeSando,,English,USA,
501,wiltixtre7191@gmail.com,Spy Kids 2: Island of Lost Dreams,2002,,5.1,58607,66,,Robert Rodriguez,Adventure,Action,Antonio Banderas,Carla Gugino,,English,USA,
502,jaighasal61@digi.com,Made of Honor,2008,1.0,5.89992575532592,65998,37,,Paul Weiland,Romance,Comedy,Patrick Dempsey,Michelle Monaghan,,English,USA,UK
503,yahkniple6@orange.com,Short Eyes,1977,,7.1,1058,53,,Robert M. Young,,Drama,Bruce Davison,José Pérez,,English,USA,
504,tabcalras13@hotmail.com,Clown,2014,,5.7,21155,42,,Jon Watts,Fantasy,Drama,Andy Powers,Laura Allen,,English,USA,Canada
505,fedarrker26@jazztel.com,Stir of Echoes,1999,,7.0,72535,67,,David Koepp,Mystery,Horror,Zachary David Cope,Kevin Bacon,Spanish,English,USA,
507,juaaouesq86543@vodafone.com ,Misery,1990,0.0,7.8,176865,75,,Rob Reiner,Thriller,Drama,James Caan,Kathy Bates,,English,USA,
508,yurnalala36993@gmail.com,Skin Trade,2014,,5.6,7335,39,,Ekachai Uekrongtham,Crime,Action,Dolph Lundgren,Tony Jaa,Thai,English,Thailand,Canada
509,kevurigav650483@movistar.com,Supergirl,1984,,4.4,18012,42,,Jeannot Szwarc,Adventure,Action,Faye Dunaway,Helen Slater,,English,UK,USA
510,naytracam020337@digi.com,Take Shelter,2011,,7.4,88365,85,,Jeff Nichols,Horror,Drama,Michael Shannon,Jessica Chastain,,English,USA,
511,vicalihma19867@gmail.com,Tragedy Girls,2017,,6.0,8062,58,,Tyler MacIntyre,Crime,Comedy,Brianna Hildebrand,Alexandra Shipp,,English,USA,
512,almfetest52084@jazztel.com,The Lucky One,2012,,6.5,98836,39,,Scott Hicks,Mystery,Drama,Zac Efron,Taylor Schilling,,English,USA,
513,chlzabzal66964@gmail.com,On the Road,2012,,6.1,39101,56,,Walter Salles,Drama,Adventure,Sam Riley,Garrett Hedlund,French,English,France,USA
514,saafrarei8189@jazztel.com,Raise Your Voice,2004,,5.9,26362,33,,Sean McNamara,Music,Family,Hilary Duff,Oliver James,French,English,USA,
515,angabafah7@vodafone.com ,American Ultra,2015,,6.1,81866,50,,Nima Nourizadeh,Comedy,Action,Jesse Eisenberg,Kristen Stewart,Mandarin,English,USA,Switzerland
516,kencarzai79@jazztel.com,A Monster Calls,2016,,7.5,77593,76,,J.A. Bayona,Drama,Adventure,Lewis MacDougall,Sigourney Weaver,,English,UK,Spain
517,valdemesp8@movistar.com,Wild Orchid,1989,,4.6,11034,19,,Zalman King,Romance,Drama,Mickey Rourke,Jacqueline Bisset,Portuguese,English,USA,
518,fedarrker26@jazztel.com,The Living End,1992,,6.5,2553,65,,Gregg Araki,Drama,Comedy,Mike Dytri,Craig Gilmore,,English,USA,
519,ailestben8@jazztel.com,Superstar,1999,2.0,5.19981824378053,17606,42,,Bruce McCulloch,Romance,Comedy,Molly Shannon,Will Ferrell,,English,USA,
520,zaibelgar033755@digi.com,The Men Who Stare at Goats,2009,,6.2,124959,54,,Grant Heslov,War,Comedy,George Clooney,Ewan McGregor,Arabic,English,USA,UK
521,adrlukest73@movistar.com,Monster's Ball,2001,,7.0,80874,69,,Marc Forster,Romance,Drama,Billy Bob Thornton,Taylor Simpson,,English,USA,
523,chobunbux37@orange.com,Waterworld,1995,,6.2,175134,56,,Kevin Reynolds,Adventure,Action,Kevin Costner,Chaim Jeraffi,,English,USA,
524,assaboshe7@vodafone.com ,Night Catches Us,2010,5.0,6.199181446111869,1466,65,,Tanya Hamilton,Romance,Drama,Anthony Mackie,Jamara Griffin,,English,USA,
525,ailestben8@jazztel.com,The Main Event,2020,5.0,4.700214132762313,1401,52,,Jay Karas,Comedy,Action,Seth Carr,Tichina Arnold,,English,USA,
526,zaibelgar033755@digi.com,The Polar Express,2004,,6.6,166567,61,,Robert Zemeckis,Adventure,Animation,Tom Hanks,Leslie Zemeckis,,English,USA,
527,marmaybaz2601@movistar.com,Kill Me Three Times,2014,,5.9,18904,30,,Kriv Stenders,Comedy,Action,Simon Pegg,Steve Le Marquand,,English,USA,Australia
528,verrocmat8819@digi.com,Tomorrowland,2015,,6.4,168241,60,,Brad Bird,Adventure,Action,George Clooney,Hugh Laurie,French,English,USA,Spain
529,marmaybaz2601@movistar.com,Primary Colors,1998,,6.6,26833,70,,Mike Nichols,Drama,Comedy,John Travolta,Emma Thompson,,English,UK,France
530,ursridgra182458@movistar.com,Gifted,2017,,7.6,93748,60,,Marc Webb,,Drama,Chris Evans,Mckenna Grace,,English,USA,
531,darciplle4433@jazztel.com,Rampage,2018,,6.1,134726,45,,Brad Peyton,Adventure,Action,Dwayne Johnson,Naomie Harris,American Sign Language,English,USA,
532,emigraloz8@hotmail.com,Southern Comfort,1981,,7.2,15689,63,,Walter Hill,Thriller,Action,Keith Carradine,Powers Boothe,French,English,USA,
533,ainsalalp45038@movistar.com,Soapdish,1991,,6.6,14041,65,,Michael Hoffman,Romance,Comedy,Cathy Moriarty,Teri Hatcher,,English,USA,
534,tescitel7807@orange.com,Mine,2016,,5.9,14777,40,Fabio Resinaro,Fabio Guaglione,Fantasy,Drama,Armie Hammer,Annabelle Wallis,,English,USA,Spain
535,kevurigav650483@movistar.com,Brewster's Millions,1985,,6.5,34490,37,,Walter Hill,,Comedy,Richard Pryor,John Candy,,English,USA,
536,ismarrpla915496@movistar.com,Foxes,1980,,6.1,3819,65,,Adrian Lyne,,Drama,Jodie Foster,Cherie Currie,,English,USA,
537,alifenvel96289@vodafone.com ,Blood Fest,2018,3.0,5.299410558687852,3902,54,,Owen Egerton,Horror,Comedy,Robbie Kay,Jacob Batalon,,English,USA,
538,chobunbux37@orange.com,A Late Quartet,2012,,7.1,13568,67,,Yaron Zilberman,Music,Drama,Catherine Keener,Christopher Walken,,English,USA,
539,aguherbas3716@gmail.com,Stars in Shorts,2012,8.0,6.407960199004975,201,49,Robert Festinger,Jacob Chase,,Comedy,Lily Tomlin,Jesse Tyler Ferguson,,English,USA,
541,julzanbai012@hotmail.com,Pitch Black,2000,,7.1,221051,49,,David Twohy,Horror,Action,Vin Diesel,Radha Mitchell,Arabic,English,USA,Australia
542,jaighasal61@digi.com,Happiness,1998,,7.7,64875,81,,Todd Solondz,Drama,Comedy,Jane Adams,Jon Lovitz,Russian,English,USA,
543,eleirssas26@gmail.com,Stroker Ace,1983,7.0,4.900605885747259,3466,30,,Hal Needham,Comedy,Action,Burt Reynolds,Ned Beatty,,English,USA,
544,humpenpor2@orange.com,Splinter,2008,,6.1,32365,58,,Toby Wilkins,Sci-Fi,Horror,Charles Baker,Jill Wagner,,English,USA,
545,toldorral065@hotmail.com,Ready Player One,2018,,7.5,345574,64,,Steven Spielberg,Adventure,Action,Tye Sheridan,Olivia Cooke,,English,USA,India
546,ailestben8@jazztel.com,Falling Overnight,2011,,6.7,998,40,,Conrad Jackson,Romance,Drama,Parker Croft,Emilia Ares,,English,USA,
547,ursridgra182458@movistar.com,Deep Blue Sea,1999,,5.9,120949,54,,Renny Harlin,Adventure,Action,Thomas Jane,Saffron Burrows,Spanish,English,USA,Mexico
549,chobunbux37@orange.com,Welcome to Sarajevo,1997,2.0,6.799292139802389,6781,72,,Michael Winterbottom,War,Drama,Stephen Dillane,Woody Harrelson,Serbian,English,UK,USA
550,anaustdob5@digi.com,It,2017,,7.3,435722,69,,Andy Muschietti,,Horror,Jaeden Martell,Jeremy Ray Taylor,,English,Canada,USA
551,josdasvig2879@orange.com,Bedknobs and Broomsticks,1971,,7.1,33007,59,Ward Kimball,Robert Stevenson,Adventure,Animation,Angela Lansbury,David Tomlinson,German,English,USA,
553,conwendi39269@orange.com,Just Looking,1999,,6.7,1387,45,,Jason Alexander,Drama,Comedy,Richard V. Licata,Marcell Rosenblatt,,English,USA,
554,raubetpen522@jazztel.com,Into the Night,1985,2.0,6.499576350969686,10622,41,,John Landis,Comedy,Action,Jeff Goldblum,Stacey Pickren,Persian,English,USA,
555,yurnalala36993@gmail.com,2 Fast 2 Furious,2003,,5.9,244378,38,,John Singleton,Crime,Action,Paul Walker,Tyrese Gibson,Spanish,English,USA,Germany
556,javriscon547659@gmail.com,Afflicted,2013,,6.3,21125,56,Clif Prowse,Derek Lee,Mystery,Horror,Derek Lee,Clif Prowse,French,English,Canada,USA
557,adrlukest73@movistar.com,My Spy,2020,,6.2,8595,42,,Peter Segal,Comedy,Action,Dave Bautista,Chloe Coleman,French,English,USA,
558,julcarbad6@jazztel.com,X-Men: Dark Phoenix,2019,9.0,5.800022772721126,140519,43,,Simon Kinberg,Adventure,Action,James McAvoy,Michael Fassbender,French,English,USA,Canada
559,saafrarei8189@jazztel.com,I Went Down,1997,5.0,6.899035532994924,1970,69,,Paddy Breathnach,Comedy,Action,Peter McDonald,Antoine Byrne,,English,Ireland,UK
560,adidialar3@digi.com,Gladiator,2000,,8.5,1293561,67,,Ridley Scott,Adventure,Action,Russell Crowe,Joaquin Phoenix,,English,USA,UK
561,alifenvel96289@vodafone.com ,Trust Me,2013,,6.1,3210,51,,Clark Gregg,Drama,Comedy,Clark Gregg,Felicity Huffman,,English,USA,
562,chlzabzal66964@gmail.com,Words and Pictures,2013,,6.6,9776,49,,Fred Schepisi,Drama,Comedy,Clive Owen,Juliette Binoche,,English,USA,Canada
563,julcarbad6@jazztel.com,Norbit,2007,,4.1,66439,27,,Brian Robbins,Romance,Comedy,Eddie Murphy,Thandie Newton,,English,USA,
564,valdemesp8@movistar.com,Pushing Tin,1999,,6.0,27783,47,,Mike Newell,Drama,Comedy,John Cusack,Billy Bob Thornton,French,English,USA,Germany
565,ursridgra182458@movistar.com,Hostel: Part II,2007,,5.5,83509,46,,Eli Roth,,Horror,Lauren German,Roger Bart,Slovak,English,USA,Czech Republic
566,joasantey6285@orange.com,The Poseidon Adventure,1972,,7.1,39593,70,,Ronald Neame,Adventure,Action,Gene Hackman,Ernest Borgnine,Hebrew,English,USA,
567,conwendi39269@orange.com,East of Eden,1955,,7.9,38889,72,,Elia Kazan,,Drama,Julie Harris,James Dean,,English,USA,
568,peltuegus5983@jazztel.com,Torn Curtain,1966,2.0,6.699801788124157,23712,55,,Alfred Hitchcock,Thriller,Romance,Paul Newman,Julie Andrews,German,English,USA,
569,hercamare50@vodafone.com ,Surviving Christmas,2004,10.0,5.400210613067168,21841,19,,Mike Mitchell,Romance,Comedy,Ben Affleck,James Gandolfini,Spanish,English,USA,
570,peltuegus5983@jazztel.com,A Novel Romance,2011,,4.6,192,23,,Allie Dvorin,Drama,Comedy,Shannon Elizabeth,Steve Guttenberg,,English,USA,
571,joasantey6285@orange.com,Fast Food Nation,2006,,6.3,23015,64,,Richard Linklater,Drama,Comedy,Wilmer Valderrama,Catalina Sandino Moreno,Spanish,English,UK,USA
572,julzanbai012@hotmail.com,Bad Words,2013,10.0,6.60007465636116,45542,57,,Jason Bateman,Drama,Comedy,Jason Bateman,Kathryn Hahn,,English,USA,
573,joasantey6285@orange.com,Shadow Magic,2000,5.0,6.697708894878706,742,66,,Ann Hu,History,Drama,Jared Harris,Yu Xia,Mandarin,English,China,Germany
574,raubetpen522@jazztel.com,Get Shorty,1995,1.0,6.899920239012586,73971,82,,Barry Sonnenfeld,Crime,Comedy,John Travolta,Gene Hackman,,English,USA,
575,kencarzai79@jazztel.com,Ted,2012,,6.9,558558,62,,Seth MacFarlane,,Comedy,Mark Wahlberg,Mila Kunis,Japanese,English,USA,
576,estgubalz27234@gmail.com,Crown Vic,2019,,6.4,2423,47,,Joel Souza,Crime,Action,Thomas Jane,Bridget Moynahan,,English,USA,
577,chobunbux37@orange.com,Dolphin Tale,2011,,6.9,21828,64,,Charles Martin Smith,Family,Drama,Harry Connick Jr.,Ashley Judd,,English,Canada,USA
578,josdasvig2879@orange.com,American Made,2017,,7.2,150958,65,,Doug Liman,Biography,Action,Tom Cruise,Domhnall Gleeson,Spanish,English,USA,Japan
579,jossatcor68@gmail.com,The Transporter,2002,,6.8,279564,51,Corey Yuen,Louis Leterrier,Crime,Action,Jason Statham,Qi Shu,French,English,France,USA
580,vicalihma19867@gmail.com,Bobby,2006,,7.0,40634,54,,Emilio Estevez,Drama,Biography,Harry Belafonte,Joy Bryant,Spanish,English,USA,
581,yesbelhar0221@gmail.com,Meet the Robinsons,2007,,6.8,84571,61,,Stephen J. Anderson,Adventure,Animation,Angela Bassett,Daniel Hansen,,English,USA,
582,adachusan1@movistar.com,Step Up,2006,,6.5,108309,48,,Anne Fletcher,Drama,Crime,Channing Tatum,Jenna Dewan,,English,USA,
583,julzanbai012@hotmail.com,The Curse of la Llorona,2019,,5.3,33316,41,,Michael Chaves,Mystery,Horror,Linda Cardellini,Roman Christou,Spanish,English,USA,
584,marmaybaz2601@movistar.com,The Pyramid,2014,,4.600017730496454,22560,24,,Grégory Levasseur,Adventure,Action,Ashley Hinshaw,Denis O'Hare,,English,USA,Morocco
585,hercamare50@vodafone.com ,Mulan,1998,2.0,7.59997677697603,241140,71,Barry Cook,Tony Bancroft,Adventure,Animation,Miguel Ferrer,Harvey Fierstein,Mandarin,English,USA,
586,levbouel8567@vodafone.com ,Arlington Road,1999,1.0,7.19992193598751,79422,65,,Mark Pellington,Drama,Crime,Jeff Bridges,Tim Robbins,,English,USA,
587,aleechgua159671@movistar.com,Winnie the Pooh,2011,,7.2,21002,74,Don Hall,Stephen J. Anderson,Adventure,Animation,John Cleese,Jim Cummings,,English,USA,
588,vazbanben7743@digi.com,About Last Night,1986,,6.2,22109,70,,Edward Zwick,Drama,Comedy,Rob Lowe,Demi Moore,,English,USA,
589,fedarrker26@jazztel.com,Risen,2016,,6.3,24298,51,,Kevin Reynolds,Drama,Action,Joseph Fiennes,Tom Felton,,English,USA,
590,sanolealg5@vodafone.com ,Neighbors,1981,,5.6,278487,47,,John G. Avildsen,,Comedy,John Belushi,Kathryn Walker,German,English,USA,
591,zaibelgar033755@digi.com,Motherhood,2009,10.0,4.6012546468401485,4304,34,,Katherine Dieckmann,Drama,Comedy,Uma Thurman,Anthony Edwards,,English,USA,
592,tarbelmor2@digi.com,Blade: Trinity,2004,,5.9,162296,38,,David S. Goyer,Adventure,Action,Wesley Snipes,Kris Kristofferson,Esperanto,English,USA,
593,mimguarez39608@orange.com,Underworld,2003,5.0,6.999991927346115,247750,42,,Len Wiseman,Fantasy,Action,Kate Beckinsale,Scott Speedman,,English,USA,UK
594,manortlle3879@gmail.com,Fast Colour,2018,6.0,6.0,3668,64,,Julia Hart,Sci-Fi,Drama,Gugu Mbatha-Raw,David Strathairn,,English,USA,
595,mimguarez39608@orange.com,K-11,2012,4.0,5.0992889463477695,1547,21,,Jules Stewart,,Drama,Goran Visnjic,Kate del Castillo,,English,USA,
596,layprella7@vodafone.com ,SLC Punk!,1998,,7.5,25266,50,,James Merendino,Drama,Comedy,Matthew Lillard,Michael A. Goorjian,,English,USA,
597,saafrarei8189@jazztel.com,The Glass House,2001,8.0,5.800069633474711,31594,34,,Daniel Sackheim,Drama,Crime,Leelee Sobieski,Diane Lane,Spanish,English,USA,
598,marchesui6@vodafone.com ,The Arrival,1996,0.0,6.3,30968,56,,David Twohy,Thriller,Sci-Fi,Charlie Sheen,Lindsay Crouse,,English,USA,Mexico
599,temifkalo07834@orange.com,Permanent Midnight,1998,6.0,6.299956082564778,6831,57,,David Veloz,Drama,Biography,Ben Stiller,Maria Bello,,English,USA,
600,estgubalz27234@gmail.com,Appaloosa,2008,6.0,6.699987797437462,57365,64,,Ed Harris,Crime,Action,Robert Jauregui,Jeremy Irons,Apache languages,English,USA,
601,ainsalalp45038@movistar.com,Puzzle,2018,,6.7,5438,66,,Marc Turtletaub,,Drama,Kelly Macdonald,David Denman,,English,USA,
602,adidialar3@digi.com,Flight of the Phoenix,2004,,6.1,50835,47,,John Moore,Adventure,Action,Dennis Quaid,Tyrese Gibson,,English,USA,
603,jaibelvec58@movistar.com,Midnight Sun,2018,9.0,6.600115019649191,20866,38,,Scott Speer,Romance,Drama,Bella Thorne,Patrick Schwarzenegger,,English,USA,
604,tabcalras13@hotmail.com,G-Force,2009,,5.1,41524,41,,Hoyt Yeatman,Adventure,Action,Bill Nighy,Will Arnett,English,Spanish,USA,
605,annroddio997@gmail.com,The Jackal,1997,2.0,6.399957697188786,104012,36,,Michael Caton-Jones,Crime,Action,Bruce Willis,Richard Gere,Russian,English,USA,UK
606,estgubalz27234@gmail.com,Clifford's Really Big Movie,2004,5.0,5.399465240641711,748,49,Steve Trenbirth,Robert C. Ramirez,Adventure,Animation,John Ritter,Wayne Brady,,English,USA,
607,gemyanbic970@hotmail.com,Talk to Me,2007,,7.3,9314,69,,Kasi Lemmons,Drama,Biography,Don Cheadle,Chiwetel Ejiofor,,English,USA,
608,julzanbai012@hotmail.com,Stake Land,2010,,6.5,39921,66,,Jim Mickle,Horror,Drama,Connor Paolo,Gregory Jones,,English,USA,
