_id,user,title,year,timestamp,completed,viewingtime,score
62aa3d1e6b166f143492232c,emigraloz8@hotmail.com,The Shootist,1976,1655323934,False,74,
62aa3d1f6b166f143492232d,zaibelgar033755@digi.com,Frida,2002,1655323935,False,44,
62aa3d1f6b166f143492232e,aguherbas3716@gmail.com,Hesher,2010,1655323935,False,40,
62aa3d1f6b166f143492232f,hercamare50@vodafone.com ,The Dog Lover,2016,1655323935,False,64,
62aa3d206b166f1434922330,alifenvel96289@vodafone.com ,Cold Creek Manor,2003,1655323936,False,22,
62aa3d206b166f1434922331,fedarrker26@jazztel.com,Aladdin,2019,1655323936,False,92,
62aa3d206b166f1434922332,josciclir66828@movistar.com,Just Visiting,2001,1655323936,False,32,
62aa3d216b166f1434922333,julcarbad6@jazztel.com,Serenity,2005,1655323937,True,98,2
62aa3d906b166f1434922334,isademiq051102@vodafone.com ,I Melt with You,2011,1655324048,False,54,
62aa3d916b166f1434922335,mimguarez39608@orange.com,War Story,2014,1655324049,False,30,
62aa3d916b166f1434922336,eleirssas26@gmail.com,The Ides of March,2011,1655324049,True,84,8
62aa3d926b166f1434922338,yolmalmac0@orange.com,The Book Thief,2013,1655324050,False,55,
62aa3d926b166f1434922339,yesbelhar0221@gmail.com,Spaceballs,1987,1655324050,False,25,
62aa3d926b166f143492233a,estgubalz27234@gmail.com,The Day the Earth Stood Still,2008,1655324050,False,81,
62aa3d936b166f143492233b,juapraang011054@hotmail.com,Teen Wolf,1985,1655324051,False,18,
62aa3d936b166f143492233c,yihcarhol30408@gmail.com,Duane Hopwood,2005,1655324051,False,59,
62aa3d936b166f143492233d,julzanbai012@hotmail.com,The Fits,2015,1655324051,False,17,
62aa3d946b166f143492233e,shuforfog38@orange.com,Telling Lies in America,1997,1655324052,False,75,
62aa3d946b166f143492233f,assaboshe7@vodafone.com ,Intolerance: Love's Struggle Throughout the Ages,1916,1655324052,False,111,
62aa3d946b166f1434922340,angabafah7@vodafone.com ,F/X2,1991,1655324052,False,68,
62aa3d956b166f1434922341,crileceng08@vodafone.com ,Assassin's Bullet,2012,1655324053,False,59,
62aa3d956b166f1434922342,emigraloz8@hotmail.com,Righteous Kill,2008,1655324053,False,67,
62aa3d956b166f1434922343,layprella7@vodafone.com ,Milk,2008,1655324053,False,97,
62aa3d966b166f1434922344,toldorral065@hotmail.com,Seberg,2019,1655324054,False,52,
62aa3d966b166f1434922345,verrocmat8819@digi.com,The Wings of the Dove,1997,1655324054,False,38,
62aa3d966b166f1434922346,levbouel8567@vodafone.com ,Angel Eyes,2001,1655324054,False,29,
62aa3d976b166f1434922347,josdasvig2879@orange.com,The Ring Two,2005,1655324055,True,105,9
62aa3d976b166f1434922349,sanolealg5@vodafone.com ,Rudy,1993,1655324055,False,45,
62aa3d976b166f143492234a,guemaiiva047323@vodafone.com ,Madagascar 3: Europe's Most Wanted,2012,1655324055,True,95,7
62aa3d976b166f143492234c,yahkniple6@orange.com,Vanishing Point,1971,1655324055,False,67,
62aa3d986b166f143492234d,levbouel8567@vodafone.com ,O Jerusalem,2006,1655324056,False,74,
62aa3d986b166f143492234e,elchadev223@jazztel.com,Forrest Gump,1994,1655324056,False,88,
62aa3d986b166f143492234f,vicalihma19867@gmail.com,The Chaperone,2018,1655324056,False,21,
62aa3d996b166f1434922350,yahkniple6@orange.com,The Messengers,2007,1655324057,False,66,
62aa3d996b166f1434922351,ricgoojul63@orange.com,Two Family House,2000,1655324057,False,48,
62aa3d996b166f1434922352,elchadev223@jazztel.com,A.C.O.D.,2013,1655324057,False,47,
62aa3d996b166f1434922353,assaboshe7@vodafone.com ,Redemption Road,2010,1655324057,False,30,
62aa3d996b166f1434922354,vlabonalb299970@digi.com,Straight Time,1978,1655324057,False,42,
62aa3d996b166f1434922355,joasantey6285@orange.com,Where Hope Grows,2014,1655324057,True,89,10
62aa3d9a6b166f1434922357,vicalihma19867@gmail.com,Fantastic Mr. Fox,2009,1655324058,False,50,
62aa3d9a6b166f1434922358,alifenvel96289@vodafone.com ,White Rabbit,2018,1655324058,True,66,7
62aa3d9a6b166f143492235a,marmaybaz2601@movistar.com,Thin Ice,2011,1655324058,True,76,1
62aa3d9a6b166f143492235b,jacavioli86730@vodafone.com ,In the Blood,2014,1655324058,True,108,8
62aa3d9a6b166f143492235d,jossatcor68@gmail.com,Catwoman,2004,1655324058,False,48,
62aa3d9a6b166f143492235e,aleechgua159671@movistar.com,King of California,2007,1655324058,False,16,
62aa3d9a6b166f143492235f,darciplle4433@jazztel.com,The East,2013,1655324058,False,52,
62aa3d9b6b166f1434922360,lamgaltat5958@hotmail.com,xXx: Return of Xander Cage,2017,1655324059,False,33,
62aa3d9b6b166f1434922361,javriscon547659@gmail.com,The Magnificent Ambersons,1942,1655324059,False,51,
62aa3d9b6b166f1434922362,humpenpor2@orange.com,Amadeus,1984,1655324059,True,138,10
62aa3d9b6b166f1434922364,wiltixtre7191@gmail.com,Miami Connection,1987,1655324059,False,36,
62aa3d9c6b166f1434922365,emigraloz8@hotmail.com,The War of the Roses,1989,1655324060,False,70,
62aa3d9c6b166f1434922366,estgubalz27234@gmail.com,The Fall,2006,1655324060,False,21,
62aa3d9c6b166f1434922367,ricgoojul63@orange.com,St. Nick,2009,1655324060,False,31,
62aa3d9d6b166f1434922368,mimguarez39608@orange.com,Transylmania,2009,1655324061,False,62,
62aa3d9d6b166f1434922369,lucboufan4887@hotmail.com,The Apple Dumpling Gang,1975,1655324061,False,73,
62aa3d9d6b166f143492236a,estgubalz27234@gmail.com,Mary Poppins,1964,1655324061,False,29,
62aa3d9d6b166f143492236b,siljaugea161@orange.com,Marmaduke,2010,1655324061,False,77,
62aa3d9e6b166f143492236c,assaboshe7@vodafone.com ,True Lies,1994,1655324062,False,66,
62aa3d9e6b166f143492236d,aleechgua159671@movistar.com,Freshman Orientation,2004,1655324062,False,42,
62aa3d9e6b166f143492236e,anaustdob5@digi.com,Deuce Bigalow: Male Gigolo,1999,1655324062,False,37,
62aa3d9f6b166f143492236f,ismarrpla915496@movistar.com,Wildlike,2014,1655324063,False,71,
62aa3d9f6b166f1434922370,sanolealg5@vodafone.com ,Silent Movie,1976,1655324063,False,27,
62aa3d9f6b166f1434922371,guiurdfel76@digi.com,The Pyramid,2014,1655324063,True,73,5
62aa3d9f6b166f1434922372,aleechgua159671@movistar.com,Brooklyn's Finest,2009,1655324063,False,51,
62aa3da06b166f1434922373,aleechgua159671@movistar.com,Rogue One: A Star Wars Story,2016,1655324064,True,124,7
62aa3da06b166f1434922375,raubetpen522@jazztel.com,Son of God,2014,1655324064,False,63,
62aa3da06b166f1434922376,toldorral065@hotmail.com,Sabrina,1995,1655324064,False,47,
62aa3da16b166f1434922377,isasasjar59@orange.com,Remember the Titans,2000,1655324065,False,65,
62aa3da16b166f1434922378,gemyanbic970@hotmail.com,The African Queen,1951,1655324065,True,86,9
62aa3da16b166f143492237a,alifenvel96289@vodafone.com ,Aniara,2018,1655324065,True,92,2
62aa3da16b166f143492237b,wiosormas415@movistar.com,bwoy,2016,1655324065,False,61,
62aa3da26b166f143492237c,jossatcor68@gmail.com,Factotum,2005,1655324066,False,50,
62aa3da26b166f143492237d,tescitel7807@orange.com,Judgment at Nuremberg,1961,1655324066,False,68,
62aa3da26b166f143492237e,marchesui6@vodafone.com ,The Object of My Affection,1998,1655324066,False,25,
62aa3da36b166f143492237f,ricgoojul63@orange.com,Uncertain Terms,2014,1655324067,False,39,
62aa3da36b166f1434922380,yesbelhar0221@gmail.com,Marked for Death,1990,1655324067,False,29,
62aa3da36b166f1434922381,humpenpor2@orange.com,"Happy, Texas",1999,1655324067,False,63,
62aa3da36b166f1434922382,temifkalo07834@orange.com,A Family Man,2016,1655324067,False,61,
62aa3da46b166f1434922383,chobunbux37@orange.com,Corporate Animals,2019,1655324068,False,12,
62aa3da46b166f1434922384,adrlukest73@movistar.com,Resident Evil: The Final Chapter,2016,1655324068,False,27,
62aa3da46b166f1434922385,raqmirbra6@digi.com,Crooked House,2017,1655324068,False,49,
62aa3da56b166f1434922386,adachusan1@movistar.com,Land of the Lost,2009,1655324069,False,32,
62aa3da56b166f1434922387,assaboshe7@vodafone.com ,Seventh Son,2014,1655324069,False,18,
62aa3da56b166f1434922388,jacavioli86730@vodafone.com ,The Shape of Water,2017,1655324069,False,52,
62aa3da56b166f1434922389,guiurdfel76@digi.com,Snow Falling on Cedars,1999,1655324069,False,69,
62aa3da66b166f143492238a,adidialar3@digi.com,Sliver,1993,1655324070,True,97,10
62aa3da66b166f143492238c,vikmoulir84896@gmail.com,47 Meters Down: Uncaged,2019,1655324070,False,68,
62aa3da66b166f143492238d,manortlle3879@gmail.com,"They Shoot Horses, Don't They?",1969,1655324070,False,97,
62aa3da76b166f143492238e,naytracam020337@digi.com,The Electric Horseman,1979,1655324071,False,67,
62aa3da76b166f143492238f,xesmalref0@digi.com,The Hollars,2016,1655324071,True,86,10
62aa3da76b166f1434922391,wiltixtre7191@gmail.com,Breathe In,2013,1655324071,False,73,
62aa3da76b166f1434922392,naytracam020337@digi.com,The Brothers Bloom,2008,1655324071,False,68,
62aa3da86b166f1434922393,mimguarez39608@orange.com,Addicted to Fresno,2015,1655324072,False,36,
62aa3da86b166f1434922394,fedarrker26@jazztel.com,To Be or Not to Be,1983,1655324072,False,51,
62aa3da86b166f1434922395,julzanbai012@hotmail.com,Carny,1980,1655324072,False,50,
62aa3da86b166f1434922396,temifkalo07834@orange.com,Love Ranch,2010,1655324072,False,67,
62aa3da96b166f1434922397,vazbanben7743@digi.com,Contraband,2012,1655324073,False,84,
62aa3da96b166f1434922398,ursridgra182458@movistar.com,Bend It Like Beckham,2002,1655324073,False,40,
62aa3da96b166f1434922399,yahkniple6@orange.com,Bandits,2001,1655324073,True,99,5
62aa3daa6b166f143492239a,temifkalo07834@orange.com,The Amateurs,2005,1655324074,False,61,
62aa3daa6b166f143492239b,julcarbad6@jazztel.com,Sabotage,2014,1655324074,True,105,4
62aa3daa6b166f143492239c,vlabonalb299970@digi.com,Good Boys,2019,1655324074,False,62,
62aa3daa6b166f143492239d,almfetest52084@jazztel.com,Slaughterhouse-Five,1972,1655324074,False,51,
62aa3daa6b166f143492239e,yihcarhol30408@gmail.com,Sweet Land,2005,1655324074,False,20,
62aa3daa6b166f143492239f,estbouel3440@orange.com,The Wind,2018,1655324074,False,29,
62aa3dab6b166f14349223a0,anaustdob5@digi.com,Bloodline,2018,1655324075,False,52,
62aa3dab6b166f14349223a1,adidialar3@digi.com,Labor Day,2013,1655324075,True,107,3
62aa3dab6b166f14349223a2,conwendi39269@orange.com,The Brothers McMullen,1995,1655324075,False,24,
62aa3dac6b166f14349223a3,estgubalz27234@gmail.com,Flypaper,2011,1655324076,False,55,
62aa3dac6b166f14349223a4,adidialar3@digi.com,Fighting,2009,1655324076,False,33,
62aa3dac6b166f14349223a5,conwendi39269@orange.com,Bringing Out the Dead,1999,1655324076,False,67,
62aa3dac6b166f14349223a6,harraeel5@jazztel.com,Downhill Racer,1969,1655324076,False,63,
62aa3dad6b166f14349223a7,saafrarei8189@jazztel.com,Sounder,1972,1655324077,False,33,
62aa3dad6b166f14349223a8,vicalihma19867@gmail.com,Murder Mystery,2019,1655324077,False,24,
62aa3dad6b166f14349223a9,gemyanbic970@hotmail.com,Opening Night,1977,1655324077,True,144,10
62aa3dae6b166f14349223ab,emigraloz8@hotmail.com,The Brave One,2007,1655324078,False,69,
62aa3dae6b166f14349223ac,lucboufan4887@hotmail.com,The Way of the Gun,2000,1655324078,False,52,
62aa3dae6b166f14349223ad,julharsel07108@orange.com,The Gumball Rally,1976,1655324078,True,94,10
62aa3dae6b166f14349223af,lucboufan4887@hotmail.com,Iris,2001,1655324078,True,82,2
62aa3daf6b166f14349223b0,tescitel7807@orange.com,My Big Fat Greek Wedding,2002,1655324079,False,35,
62aa3daf6b166f14349223b1,valdemesp8@movistar.com,Bad Kids Go to Hell,2012,1655324079,False,17,
62aa3daf6b166f14349223b2,julcarbad6@jazztel.com,The Vault,2017,1655324079,False,71,
62aa3db06b166f14349223b3,marchesui6@vodafone.com ,Underworld: Rise of the Lycans,2009,1655324080,False,21,
62aa3db06b166f14349223b4,almfetest52084@jazztel.com,The Girl on the Train,2016,1655324080,True,96,5
62aa3db06b166f14349223b5,darbassom07@vodafone.com ,Cobb,1994,1655324080,True,106,5
62aa3db06b166f14349223b6,shuforfog38@orange.com,The Girl Is in Trouble,2015,1655324080,True,90,6
62aa3db16b166f14349223b7,julzanbai012@hotmail.com,Person to Person,2017,1655324081,True,83,4
62aa3db16b166f14349223b8,julzanbai012@hotmail.com,Freedom,2014,1655324081,False,21,
62aa3db16b166f14349223b9,tabcalras13@hotmail.com,Land of the Dead,2005,1655324081,False,63,
62aa3db26b166f14349223ba,raubetpen522@jazztel.com,The Lego Batman Movie,2017,1655324082,False,25,
62aa3db26b166f14349223bb,wiltixtre7191@gmail.com,Serendipity,2001,1655324082,False,52,
62aa3db26b166f14349223bc,toldorral065@hotmail.com,The Secret Garden,1993,1655324082,False,19,
62aa3db36b166f14349223bd,aguherbas3716@gmail.com,The Reluctant Fundamentalist,2012,1655324083,False,43,
62aa3db36b166f14349223be,juaaouesq86543@vodafone.com ,Micki + Maude,1984,1655324083,True,99,5
62aa3db36b166f14349223bf,julharsel07108@orange.com,Barton Fink,1991,1655324083,False,76,
62aa3db36b166f14349223c0,guemaiiva047323@vodafone.com ,Trolls,2016,1655324083,False,32,
62aa3db46b166f14349223c1,marrachac85@movistar.com,Funny Bunny,2015,1655324084,False,41,
62aa3db46b166f14349223c2,peltuegus5983@jazztel.com,Daltry Calhoun,2005,1655324084,True,86,8
62aa3db46b166f14349223c4,gemyanbic970@hotmail.com,An Innocent Man,1989,1655324084,False,87,
62aa3db46b166f14349223c5,angabafah7@vodafone.com ,Jeepers Creepers 2,2003,1655324084,False,20,
62aa3db56b166f14349223c6,peltuegus5983@jazztel.com,Dreamgirls,2006,1655324085,True,116,6
62aa3db56b166f14349223c7,darciplle4433@jazztel.com,The Boy Downstairs,2017,1655324085,False,67,
62aa3db56b166f14349223c8,assaboshe7@vodafone.com ,Whatever It Takes,2000,1655324085,False,42,
62aa3db66b166f14349223c9,darbassom07@vodafone.com ,Never Goin' Back,2018,1655324086,False,38,
62aa3db66b166f14349223ca,adidialar3@digi.com,The Adventures of Tintin,2011,1655324086,False,52,
62aa3db66b166f14349223cb,lucboufan4887@hotmail.com,The Crew,2000,1655324086,False,48,
62aa3db66b166f14349223cc,vikmoulir84896@gmail.com,The Brooklyn Banker,2016,1655324086,False,73,
62aa3db76b166f14349223cd,mimguarez39608@orange.com,The Secret of My Success,1987,1655324087,True,102,2
62aa3db76b166f14349223ce,gemyanbic970@hotmail.com,The Zero Theorem,2013,1655324087,True,97,10
62aa3db76b166f14349223d0,raqmirbra6@digi.com,Space Jam,1996,1655324087,False,18,
62aa3db86b166f14349223d1,peltuegus5983@jazztel.com,Reservoir Dogs,1992,1655324088,False,74,
62aa3db86b166f14349223d2,anaustdob5@digi.com,Sleepless in Seattle,1993,1655324088,False,70,
62aa3db86b166f14349223d3,naytracam020337@digi.com,Chapman,2013,1655324088,False,25,
62aa3db96b166f14349223d4,julharsel07108@orange.com,Fateless,2005,1655324089,False,90,
62aa3db96b166f14349223d5,joasantey6285@orange.com,Krystal,2017,1655324089,True,89,7
62aa3db96b166f14349223d7,saafrarei8189@jazztel.com,Albino Alligator,1996,1655324089,False,66,
62aa3db96b166f14349223d8,vlabonalb299970@digi.com,Feral,2017,1655324089,True,77,5
62aa3dba6b166f14349223d9,crileceng08@vodafone.com ,Pet Sematary II,1992,1655324090,False,69,
62aa3dba6b166f14349223da,josciclir66828@movistar.com,Midway,1976,1655324090,False,39,
62aa3dba6b166f14349223db,marmaybaz2601@movistar.com,Lords of Dogtown,2005,1655324090,False,67,
62aa3dba6b166f14349223dc,gemyanbic970@hotmail.com,Buster's Mal Heart,2017,1655324090,False,69,
62aa3dba6b166f14349223dd,javriscon547659@gmail.com,The Believers,1987,1655324090,False,68,
62aa3dba6b166f14349223de,tiaferric09@vodafone.com ,Beneath the Planet of the Apes,1970,1655324090,False,51,
62aa3dbb6b166f14349223df,nicpetriu089@movistar.com,Insomnia,2002,1655324091,False,37,
62aa3dbb6b166f14349223e0,yihcarhol30408@gmail.com,Star Trek VI: The Undiscovered Country,1991,1655324091,False,59,
62aa3dbb6b166f14349223e1,isademiq051102@vodafone.com ,The Super,2017,1655324091,False,13,
62aa3dbc6b166f14349223e2,emigraloz8@hotmail.com,Parkland,2013,1655324092,False,14,
62aa3dbc6b166f14349223e3,marchesui6@vodafone.com ,Who'll Stop the Rain,1978,1655324092,False,64,
62aa3dbc6b166f14349223e4,ricgoojul63@orange.com,Breakin',1984,1655324092,False,67,
62aa3dbc6b166f14349223e5,joasantey6285@orange.com,In Bruges,2008,1655324092,True,102,0
62aa3dbd6b166f14349223e6,jacavioli86730@vodafone.com ,A League of Their Own,1992,1655324093,False,97,
62aa3dbd6b166f14349223e7,guidobger8790@hotmail.com,The Santa Clause,1994,1655324093,False,66,
62aa3dbd6b166f14349223e8,jaibelvec58@movistar.com,The Kid,2000,1655324093,False,59,
62aa3dbe6b166f14349223e9,vikmoulir84896@gmail.com,Captive,2015,1655324094,False,30,
62aa3dbe6b166f14349223ea,josciclir66828@movistar.com,New Year's Evil,1980,1655324094,False,34,
62aa3dbe6b166f14349223eb,wiosormas415@movistar.com,Revenge,1990,1655324094,False,64,
62aa3dbe6b166f14349223ec,annroddio997@gmail.com,Swing Shift,1984,1655324094,False,74,
62aa3dbf6b166f14349223ed,peltuegus5983@jazztel.com,This Is the End,2013,1655324095,True,100,5
62aa3dbf6b166f14349223ee,darciplle4433@jazztel.com,The Master of Disguise,2002,1655324095,False,44,
62aa3dbf6b166f14349223ef,temifkalo07834@orange.com,Cry-Baby,1990,1655324095,False,23,
62aa3dc06b166f14349223f0,aleechgua159671@movistar.com,Love Is Blind,2019,1655324096,False,69,
62aa3dc06b166f14349223f1,jacavioli86730@vodafone.com ,Romancing the Stone,1984,1655324096,False,77,
62aa3dc06b166f14349223f2,joasantey6285@orange.com,The Curse of la Llorona,2019,1655324096,False,23,
62aa3dc06b166f14349223f3,marchesui6@vodafone.com ,Star Trek: First Contact,1996,1655324096,True,90,10
62aa3dc16b166f14349223f5,conwendi39269@orange.com,Intruders,2011,1655324097,False,79,
62aa3dc16b166f14349223f6,raqmirbra6@digi.com,The Intruder,2019,1655324097,True,95,2
62aa3dc16b166f14349223f7,temifkalo07834@orange.com,Urban Cowboy,1980,1655324097,True,127,2
62aa3dc26b166f14349223f8,conwendi39269@orange.com,Brüno,2009,1655324098,False,48,
62aa3dc26b166f14349223f9,siljaugea161@orange.com,Pain & Gain,2013,1655324098,False,81,
62aa3dc26b166f14349223fa,anaustdob5@digi.com,Wolfen,1981,1655324098,True,103,10
62aa3dc36b166f14349223fc,alifenvel96289@vodafone.com ,My Cousin Vinny,1992,1655324099,False,54,
62aa3dc36b166f14349223fd,temifkalo07834@orange.com,School Daze,1988,1655324099,True,100,6
62aa3dc36b166f14349223fe,crileceng08@vodafone.com ,Isle of Dogs,2018,1655324099,False,76,
62aa3dc46b166f14349223ff,josdasvig2879@orange.com,+1,2013,1655324100,False,20,
62aa3dc46b166f1434922400,pabkarbor59537@hotmail.com,Found,2012,1655324100,False,77,
62aa3dc46b166f1434922401,fedarrker26@jazztel.com,My Little Pony: The Movie,2017,1655324100,True,85,7
62aa3dc46b166f1434922403,anaustdob5@digi.com,The Guru,2002,1655324100,True,91,1
62aa3dc56b166f1434922404,peltuegus5983@jazztel.com,Heartbreak Ridge,1986,1655324101,False,25,
62aa3dc56b166f1434922405,yesbelhar0221@gmail.com,Videodrome,1983,1655324101,True,80,6
62aa3dc56b166f1434922406,juaaouesq86543@vodafone.com ,Scream 3,2000,1655324101,False,70,
62aa3dc66b166f1434922407,marchesui6@vodafone.com ,Father Figures,2017,1655324102,False,25,
62aa3dc66b166f1434922408,estgubalz27234@gmail.com,Dreamer: Inspired by a True Story,2005,1655324102,False,16,
62aa3dc66b166f1434922409,mimguarez39608@orange.com,Black Swan,2010,1655324102,False,55,
62aa3dc66b166f143492240a,vlabonalb299970@digi.com,Lord of War,2005,1655324102,True,111,10
62aa3dc76b166f143492240c,crileceng08@vodafone.com ,Kill Bill: Vol. 1,2003,1655324103,False,61,
62aa3dc76b166f143492240d,raqmirbra6@digi.com,Weightless,2017,1655324103,False,55,
62aa3dc76b166f143492240e,ayapamaba766140@hotmail.com,Diary of the Dead,2007,1655324103,False,23,
62aa3dc86b166f143492240f,tarbelmor2@digi.com,E.T. the Extra-Terrestrial,1982,1655324104,True,111,1
62aa3dd26b166f1434922410,ainsalalp45038@movistar.com,Sneakers,1992,1655324114,False,65,
62aa3dd36b166f1434922411,crileceng08@vodafone.com ,"Everything, Everything",2017,1655324115,True,78,0
62aa3dd36b166f1434922412,pabkarbor59537@hotmail.com,Bug,2006,1655324115,False,25,
62aa3dd46b166f1434922413,naytracam020337@digi.com,Are We Not Cats,2016,1655324116,True,76,8
62aa3dd46b166f1434922415,vlabonalb299970@digi.com,"Welcome Home, Roxy Carmichael",1990,1655324116,False,69,
62aa3dd46b166f1434922416,manortlle3879@gmail.com,The Last Man,2000,1655324116,True,92,5
62aa3dd56b166f1434922417,hercamare50@vodafone.com ,8MM,1999,1655324117,True,107,1
62aa3dd56b166f1434922418,alifenvel96289@vodafone.com ,Corporate Animals,2019,1655324117,False,34,
62aa3dd56b166f1434922419,kencarzai79@jazztel.com,There's Something About Mary,1998,1655324117,False,79,
62aa3dd66b166f143492241a,adachusan1@movistar.com,Bang the Drum Slowly,1973,1655324118,True,95,6
62aa3dd66b166f143492241b,isasasjar59@orange.com,The King of Staten Island,2020,1655324118,False,91,
62aa3dd66b166f143492241c,javriscon547659@gmail.com,Network,1976,1655324118,False,34,
62aa3dd66b166f143492241d,jaibelvec58@movistar.com,Girls Against Boys,2012,1655324118,False,30,
62aa3dd76b166f143492241e,julharsel07108@orange.com,G.I. Jane,1997,1655324119,False,23,
62aa3dd76b166f143492241f,tabcalras13@hotmail.com,The Unspeakable Act,2012,1655324119,False,13,
62aa3dd86b166f1434922420,adachusan1@movistar.com,The Twilight Saga: New Moon,2009,1655324120,False,76,
62aa3dd86b166f1434922421,annroddio997@gmail.com,Hard Rain,1998,1655324120,False,22,
62aa3dd96b166f1434922422,vlabonalb299970@digi.com,Exists,2014,1655324121,False,59,
62aa3dd96b166f1434922423,verrocmat8819@digi.com,Barry Lyndon,1975,1655324121,False,33,
62aa3dd96b166f1434922424,emigraloz8@hotmail.com,Christmas in the Clouds,2001,1655324121,True,86,3
62aa3dda6b166f1434922425,juaaouesq86543@vodafone.com ,Don't Sleep,2017,1655324122,False,61,
62aa3dda6b166f1434922426,guemaiiva047323@vodafone.com ,National Security,2003,1655324122,False,17,
62aa3dda6b166f1434922427,josdasvig2879@orange.com,The King,2019,1655324122,False,59,
62aa3dda6b166f1434922428,naytracam020337@digi.com,Valley of Saints,2012,1655324122,False,49,
62aa3ddb6b166f1434922429,yahkniple6@orange.com,Final Fantasy: The Spirits Within,2001,1655324123,False,70,
62aa3ddb6b166f143492242a,wiosormas415@movistar.com,Teenage Mutant Ninja Turtles III,1993,1655324123,False,34,
62aa3ddb6b166f143492242b,josdasvig2879@orange.com,The Motel Life,2012,1655324123,False,66,
62aa3ddc6b166f143492242c,adrlukest73@movistar.com,Least Among Saints,2012,1655324124,False,23,
62aa3ddc6b166f143492242d,saafrarei8189@jazztel.com,Running with Scissors,2006,1655324124,False,46,
62aa3ddc6b166f143492242e,yesbelhar0221@gmail.com,Gods and Monsters,1998,1655324124,False,62,
62aa3ddc6b166f143492242f,sanolealg5@vodafone.com ,Next Friday,2000,1655324124,False,31,
62aa3ddd6b166f1434922430,ainsalalp45038@movistar.com,Rainbow Time,2016,1655324125,False,58,
62aa3ddd6b166f1434922431,adrlukest73@movistar.com,Jurassic Park,1993,1655324125,False,38,
62aa3dde6b166f1434922432,angabafah7@vodafone.com ,Abundant Acreage Available,2017,1655324126,False,41,
62aa3dde6b166f1434922433,kevurigav650483@movistar.com,Connie and Carla,2004,1655324126,False,36,
62aa3dde6b166f1434922434,adachusan1@movistar.com,The Valley,2017,1655324126,True,78,2
62aa3dde6b166f1434922435,chobunbux37@orange.com,Madame Bovary,2014,1655324126,False,83,
62aa3ddf6b166f1434922436,julharsel07108@orange.com,Red Knot,2014,1655324127,False,47,
62aa3ddf6b166f1434922437,vikmoulir84896@gmail.com,Gone Baby Gone,2007,1655324127,True,111,7
62aa3de06b166f1434922439,siljaugea161@orange.com,When We First Met,2018,1655324128,True,90,3
62aa3de06b166f143492243a,toldorral065@hotmail.com,Pride,2007,1655324128,False,30,
62aa3de16b166f143492243b,jaighasal61@digi.com,Real Genius,1985,1655324129,False,83,
62aa3de16b166f143492243c,anaustdob5@digi.com,The Lorax,2012,1655324129,False,34,
62aa3de16b166f143492243d,raqmirbra6@digi.com,Police Academy 3: Back in Training,1986,1655324129,True,75,2
62aa3de26b166f143492243e,yahkniple6@orange.com,Something Borrowed,2011,1655324130,False,39,
62aa3de26b166f143492243f,guiurdfel76@digi.com,Wake,2003,1655324130,True,74,1
62aa3de26b166f1434922440,isademiq051102@vodafone.com ,Appaloosa,2008,1655324130,False,24,
62aa3de36b166f1434922441,ainsalalp45038@movistar.com,The Jimmy Show,2001,1655324131,False,45,
62aa3de36b166f1434922442,yahkniple6@orange.com,Wild Things,1998,1655324131,False,35,
62aa3de36b166f1434922443,layprella7@vodafone.com ,Jacob's Ladder,2019,1655324131,False,29,
62aa3de46b166f1434922444,humpenpor2@orange.com,Star Wars: The Clone Wars,2008,1655324132,False,26,
62aa3de46b166f1434922445,darciplle4433@jazztel.com,Murder of a Cat,2014,1655324132,False,55,
62aa3de46b166f1434922446,arimarman2722@gmail.com,Bachelorette,2012,1655324132,False,69,
62aa3de56b166f1434922447,nicpetriu089@movistar.com,Face/Off,1997,1655324133,True,138,1
62aa3de56b166f1434922448,levbouel8567@vodafone.com ,Simon Birch,1998,1655324133,False,89,
62aa3de56b166f1434922449,chobunbux37@orange.com,The Lego Ninjago Movie,2017,1655324133,False,51,
62aa3de66b166f143492244a,julharsel07108@orange.com,The Bad News Bears,1976,1655324134,False,68,
62aa3de66b166f143492244b,humpenpor2@orange.com,Knight of Cups,2015,1655324134,False,66,
62aa3de76b166f143492244c,adachusan1@movistar.com,The Wedding Date,2005,1655324135,False,68,
62aa3de76b166f143492244d,josciclir66828@movistar.com,Shirley Valentine,1989,1655324135,False,55,
62aa3de76b166f143492244e,javriscon547659@gmail.com,Titus,1999,1655324135,False,121,
62aa3de76b166f143492244f,nicpetriu089@movistar.com,The Human Centipede III (Final Sequence),2015,1655324135,True,100,1
62aa3de86b166f1434922450,alifenvel96289@vodafone.com ,Cloudy with a Chance of Meatballs 2,2013,1655324136,True,85,10
62aa3de86b166f1434922452,guiurdfel76@digi.com,The Human Stain,2003,1655324136,False,17,
62aa3de96b166f1434922453,aguherbas3716@gmail.com,Every Day,2018,1655324137,True,78,2
62aa3de96b166f1434922454,ursridgra182458@movistar.com,Battleship,2012,1655324137,True,109,8
62aa3de96b166f1434922456,ainsalalp45038@movistar.com,Dom Hemingway,2013,1655324137,False,51,
62aa3dea6b166f1434922457,guiurdfel76@digi.com,My Week with Marilyn,2011,1655324138,False,35,
62aa3dea6b166f1434922458,liznasnia193189@vodafone.com ,Last Christmas,2019,1655324138,False,23,
62aa3dea6b166f1434922459,almfetest52084@jazztel.com,An American Werewolf in Paris,1997,1655324138,False,59,
62aa3deb6b166f143492245a,raqmirbra6@digi.com,Temple,2017,1655324139,False,32,
62aa3deb6b166f143492245b,vazbanben7743@digi.com,Blinded by the Light,2019,1655324139,False,19,
62aa3deb6b166f143492245c,ivamongra1@digi.com,Surveillance,2008,1655324139,False,36,
62aa3deb6b166f143492245d,estbouel3440@orange.com,Dealin' with Idiots,2013,1655324139,True,80,4
62aa3dec6b166f143492245e,estbouel3440@orange.com,At Middleton,2013,1655324140,False,48,
62aa3dec6b166f143492245f,raqmirbra6@digi.com,Adam & Steve,2005,1655324140,True,89,10
62aa3dec6b166f1434922461,raqmirbra6@digi.com,Kicks,2016,1655324140,False,51,
62aa3ded6b166f1434922462,alifenvel96289@vodafone.com ,Entourage,2015,1655324141,False,38,
62aa3ded6b166f1434922463,mimguarez39608@orange.com,Willow,1988,1655324141,False,62,
62aa3ded6b166f1434922464,jaibelvec58@movistar.com,Dr. Dolittle 2,2001,1655324141,False,66,
62aa3dee6b166f1434922465,ailestben8@jazztel.com,Free Ride,2013,1655324142,False,26,
62aa3dee6b166f1434922466,angabafah7@vodafone.com ,The Brothers McMullen,1995,1655324142,True,87,2
62aa3dee6b166f1434922467,ainsalalp45038@movistar.com,En el séptimo día,2017,1655324142,False,40,
62aa3def6b166f1434922468,belcozkal350559@vodafone.com ,Grand Prix,1966,1655324143,False,88,
62aa3def6b166f1434922469,joasantey6285@orange.com,Stars in Shorts,2012,1655324143,False,34,
62aa3def6b166f143492246a,tarbelmor2@digi.com,The Little Traitor,2007,1655324143,False,19,
62aa3df06b166f143492246b,hercamare50@vodafone.com ,Top Gun,1986,1655324144,False,66,
62aa3df06b166f143492246c,vicalihma19867@gmail.com,Love Object,2003,1655324144,False,63,
62aa3df06b166f143492246d,ainsalalp45038@movistar.com,The Last Boy Scout,1991,1655324144,False,72,
62aa3df16b166f143492246e,estgubalz27234@gmail.com,Mystic Pizza,1988,1655324145,False,30,
62aa3df16b166f143492246f,naytracam020337@digi.com,The Postman,1997,1655324145,True,166,9
62aa3df26b166f1434922471,mimguarez39608@orange.com,The Vast of Night,2019,1655324146,True,81,10
62aa3df26b166f1434922473,marchesui6@vodafone.com ,Night Shift,1982,1655324146,False,56,
62aa3df26b166f1434922474,tabcalras13@hotmail.com,Impolex,2009,1655324146,False,22,
62aa3df36b166f1434922475,assaboshe7@vodafone.com ,The Art of Racing in the Rain,2019,1655324147,False,30,
62aa3df36b166f1434922476,naytracam020337@digi.com,The Loneliest Planet,2011,1655324147,False,90,
62aa3df36b166f1434922477,adachusan1@movistar.com,The Bourne Ultimatum,2007,1655324147,False,66,
62aa3df46b166f1434922478,sanolealg5@vodafone.com ,Atomic Blonde,2017,1655324148,True,115,0
62aa3df46b166f1434922479,gemyanbic970@hotmail.com,The Adventures of Buckaroo Banzai Across the 8th Dimension,1984,1655324148,True,92,5
62aa3df46b166f143492247a,chobunbux37@orange.com,Kill Me Later,2001,1655324148,False,25,
62aa3df56b166f143492247b,ismarrpla915496@movistar.com,Clara's Ghost,2018,1655324149,False,73,
62aa3df56b166f143492247c,levbouel8567@vodafone.com ,Feral,2017,1655324149,False,64,
62aa3df56b166f143492247d,yihcarhol30408@gmail.com,Kicking & Screaming,2005,1655324149,False,73,
62aa3df66b166f143492247e,guiurdfel76@digi.com,Turn the River,2007,1655324150,True,78,3
62aa3df66b166f143492247f,julharsel07108@orange.com,An Eye for an Eye,1981,1655324150,False,54,
62aa3df66b166f1434922480,vikmoulir84896@gmail.com,Oliver & Company,1988,1655324150,True,65,2
62aa3df76b166f1434922481,marchesui6@vodafone.com ,Middle Man,2016,1655324151,False,50,
62aa3df76b166f1434922482,darciplle4433@jazztel.com,Blood Simple,1984,1655324151,False,35,
62aa3df76b166f1434922483,marrachac85@movistar.com,Da Sweet Blood of Jesus,2014,1655324151,False,80,
62aa3df76b166f1434922484,vazbanben7743@digi.com,American Hero,2015,1655324151,False,43,
62aa3df86b166f1434922485,assaboshe7@vodafone.com ,Godspeed,2009,1655324152,False,43,
62aa3df86b166f1434922486,assaboshe7@vodafone.com ,Dirty Dancing: Havana Nights,2004,1655324152,True,78,9
62aa3df96b166f1434922488,marmaybaz2601@movistar.com,Barcelona,1994,1655324153,False,22,
62aa3df96b166f1434922489,guemaiiva047323@vodafone.com ,9 to 5,1980,1655324153,True,97,2
62aa3df96b166f143492248a,liznasnia193189@vodafone.com ,A Haunted House 2,2014,1655324153,False,47,
62aa3dfa6b166f143492248b,juaaouesq86543@vodafone.com ,D.E.B.S.,2004,1655324154,True,75,7
62aa3dfa6b166f143492248d,yurnalala36993@gmail.com,The Americanization of Emily,1964,1655324154,False,74,
62aa3dfa6b166f143492248e,almfetest52084@jazztel.com,Mission: Impossible - Fallout,2018,1655324154,False,56,
62aa3dfa6b166f143492248f,marrachac85@movistar.com,Seoul Searching,2015,1655324154,False,61,
62aa3dfa6b166f1434922490,adidialar3@digi.com,Austin Found,2017,1655324154,False,60,
62aa3dfb6b166f1434922491,marrachac85@movistar.com,Margin Call,2011,1655324155,True,89,2
62aa3dfb6b166f1434922492,wiltixtre7191@gmail.com,Sorcerer,1977,1655324155,False,79,
62aa3dfb6b166f1434922493,eleirssas26@gmail.com,Wetlands,2019,1655324155,True,81,6
62aa3dfc6b166f1434922494,emigraloz8@hotmail.com,Private Parts,1997,1655324156,True,94,4
62aa3dfc6b166f1434922495,marmaybaz2601@movistar.com,Days and Nights,2014,1655324156,False,41,
62aa3dfc6b166f1434922496,alifenvel96289@vodafone.com ,Mission: Impossible - Rogue Nation,2015,1655324156,False,68,
62aa3dfd6b166f1434922497,isademiq051102@vodafone.com ,The Sacrament,2013,1655324157,False,27,
62aa3dfd6b166f1434922498,toldorral065@hotmail.com,The Den,2013,1655324157,False,39,
62aa3dfd6b166f1434922499,jacavioli86730@vodafone.com ,P.S. I Love You,2007,1655324157,False,24,
62aa3dfe6b166f143492249a,ayapamaba766140@hotmail.com,Defending Your Life,1991,1655324158,False,36,
62aa3dfe6b166f143492249b,joasantey6285@orange.com,Armed Response,2017,1655324158,False,48,
62aa3dfe6b166f143492249c,elchadev223@jazztel.com,Striporama,1953,1655324158,False,45,
62aa3dfe6b166f143492249d,angabafah7@vodafone.com ,Year One,2009,1655324158,True,80,10
62aa3dff6b166f143492249f,belcozkal350559@vodafone.com ,Kalamity,2010,1655324159,False,58,
62aa3dff6b166f14349224a0,marmaybaz2601@movistar.com,To the Wonder,2012,1655324159,False,74,
62aa3dff6b166f14349224a1,emigraloz8@hotmail.com,Rick,2003,1655324159,True,94,7
62aa3e006b166f14349224a3,tarbelmor2@digi.com,Go,1999,1655324160,False,76,
62aa3e006b166f14349224a4,raubetpen522@jazztel.com,Mara,2018,1655324160,False,47,
62aa3e006b166f14349224a5,adidialar3@digi.com,I Sell the Dead,2008,1655324160,False,68,
62aa3e016b166f14349224a6,marmaybaz2601@movistar.com,Volcano,1997,1655324161,False,47,
62aa3e016b166f14349224a7,ursridgra182458@movistar.com,Shadow: Dead Riot,2006,1655324161,True,80,9
62aa3e016b166f14349224a9,toldorral065@hotmail.com,Rudy,1993,1655324161,False,26,
62aa3e016b166f14349224aa,fedarrker26@jazztel.com,Pandorum,2009,1655324161,True,90,4
62aa3e026b166f14349224ab,humpenpor2@orange.com,The House,2017,1655324162,False,44,
62aa3e026b166f14349224ac,tescitel7807@orange.com,Saw,2004,1655324162,False,70,
62aa3e026b166f14349224ad,julzanbai012@hotmail.com,Black Rose,2014,1655324162,False,63,
62aa3e036b166f14349224ae,ursridgra182458@movistar.com,The Brothers McMullen,1995,1655324163,True,85,7
62aa3e036b166f14349224b0,wiosormas415@movistar.com,Night of the Lepus,1972,1655324163,False,28,
62aa3e036b166f14349224b1,julcarbad6@jazztel.com,The Most Hated Woman in America,2017,1655324163,False,72,
62aa3e046b166f14349224b2,lucboufan4887@hotmail.com,Bedazzled,2000,1655324164,True,77,7
62aa3e046b166f14349224b4,javriscon547659@gmail.com,Snipes,2001,1655324164,True,91,7
62aa3e046b166f14349224b6,assaboshe7@vodafone.com ,Colors,1988,1655324164,False,36,
62aa3e056b166f14349224b7,juaaouesq86543@vodafone.com ,Malice,1993,1655324165,False,65,
62aa3e056b166f14349224b8,jaibelvec58@movistar.com,The Brothers Grimm,2005,1655324165,False,36,
62aa3e056b166f14349224b9,wiosormas415@movistar.com,The Favourite,2018,1655324165,True,116,4
62aa3e066b166f14349224ba,aguherbas3716@gmail.com,Trolls World Tour,2020,1655324166,False,60,
62aa3e066b166f14349224bb,humpenpor2@orange.com,Jersey Girl,2004,1655324166,False,48,
62aa3e066b166f14349224bc,eleirssas26@gmail.com,The Pelican Brief,1993,1655324166,True,130,0
62aa3e066b166f14349224bd,ainsalalp45038@movistar.com,"20,000 Leagues Under the Sea",1954,1655324166,False,55,
62aa3e076b166f14349224be,liznasnia193189@vodafone.com ,Bubble Boy,2001,1655324167,False,49,
62aa3e076b166f14349224bf,guemaiiva047323@vodafone.com ,Man of the Century,1999,1655324167,True,75,6
62aa3e076b166f14349224c0,chobunbux37@orange.com,Undercover Brother,2002,1655324167,True,86,5
62aa3e086b166f14349224c1,aguherbas3716@gmail.com,X-Men: The Last Stand,2006,1655324168,False,55,
62aa3e086b166f14349224c2,valdemesp8@movistar.com,Guardians of the Galaxy Vol. 2,2017,1655324168,False,81,
62aa3e086b166f14349224c3,estgubalz27234@gmail.com,The Fish That Saved Pittsburgh,1979,1655324168,False,25,
62aa3e096b166f14349224c4,hercamare50@vodafone.com ,Captain America: The First Avenger,2011,1655324169,True,110,5
62aa3e096b166f14349224c5,jospiemol703@vodafone.com ,The Nice Guys,2016,1655324169,False,76,
62aa3e096b166f14349224c6,ricgoojul63@orange.com,Incarnate,2016,1655324169,False,56,
62aa3e0a6b166f14349224c7,harraeel5@jazztel.com,Chuck & Buck,2000,1655324170,True,87,5
62aa3e0a6b166f14349224c8,ailestben8@jazztel.com,The Hunter's Prayer,2017,1655324170,False,56,
62aa3e0a6b166f14349224c9,adidialar3@digi.com,Swiss Army Man,2016,1655324170,False,72,
62aa3e0a6b166f14349224ca,darbassom07@vodafone.com ,The Gatekeeper,2002,1655324170,False,32,
62aa3e0a6b166f14349224cb,saafrarei8189@jazztel.com,Me and Earl and the Dying Girl,2015,1655324170,False,38,
62aa3e0b6b166f14349224cc,anaustdob5@digi.com,The Princess Bride,1987,1655324171,False,63,
62aa3e0b6b166f14349224cd,darbassom07@vodafone.com ,The Legend of Zorro,2005,1655324171,False,50,
62aa3e0b6b166f14349224ce,juapraang011054@hotmail.com,Down the Shore,2011,1655324171,False,28,
62aa3e0b6b166f14349224cf,ricgoojul63@orange.com,For Whom the Bell Tolls,1943,1655324171,False,111,
62aa3e0c6b166f14349224d0,eleirssas26@gmail.com,All the President's Men,1976,1655324172,False,93,
62aa3e0c6b166f14349224d1,pabkarbor59537@hotmail.com,All the Right Moves,1983,1655324172,True,77,2
62aa3e0c6b166f14349224d2,anaustdob5@digi.com,The Loss of Sexual Innocence,1999,1655324172,False,73,
62aa3e0c6b166f14349224d3,yolmalmac0@orange.com,The Babymakers,2012,1655324172,False,54,
62aa3e0d6b166f14349224d4,josdasvig2879@orange.com,Beyond the Valley of the Dolls,1970,1655324173,False,24,
62aa3e0d6b166f14349224d5,yurnalala36993@gmail.com,A Bug's Life,1998,1655324173,False,31,
62aa3e0d6b166f14349224d6,adrlukest73@movistar.com,The Good Lie,2014,1655324173,False,71,
62aa3e0e6b166f14349224d7,valdemesp8@movistar.com,The Mummy,1999,1655324174,False,20,
62aa3e0e6b166f14349224d8,marrachac85@movistar.com,The Wave,2019,1655324174,True,89,2
62aa3e0e6b166f14349224d9,vikmoulir84896@gmail.com,Session 9,2001,1655324174,False,47,
62aa3e0e6b166f14349224da,ivamongra1@digi.com,King of the Mountain,1981,1655324174,True,85,10
62aa3e0f6b166f14349224dc,gemyanbic970@hotmail.com,Journey 2: The Mysterious Island,2012,1655324175,False,64,
62aa3e0f6b166f14349224dd,augmaepop467222@movistar.com,Hugo,2011,1655324175,False,60,
62aa3e0f6b166f14349224de,darbassom07@vodafone.com ,Gimme the Loot,2012,1655324175,False,47,
62aa3e106b166f14349224df,nicpetriu089@movistar.com,My Chauffeur,1986,1655324176,False,49,
62aa3e106b166f14349224e0,siljaugea161@orange.com,Beneath,2013,1655324176,True,75,8
62aa3e106b166f14349224e2,alifenvel96289@vodafone.com ,Inherent Vice,2014,1655324176,False,110,
62aa3e106b166f14349224e3,julcarbad6@jazztel.com,Big Momma's House 2,2006,1655324176,False,24,
62aa3e116b166f14349224e4,marrachac85@movistar.com,The Bad News Bears,1976,1655324177,True,94,2
62aa3e116b166f14349224e5,guidobger8790@hotmail.com,The Stepford Wives,2004,1655324177,False,47,
62aa3e116b166f14349224e6,anaustdob5@digi.com,Trolls,2016,1655324177,False,34,
62aa3e126b166f14349224e7,ursridgra182458@movistar.com,Front Cover,2015,1655324178,False,31,
62aa3e126b166f14349224e8,kencarzai79@jazztel.com,Judgment Night,1993,1655324178,False,29,
62aa3e546b166f14349224e9,kencarzai79@jazztel.com,The Kill Team,2019,1655324244,False,61,
62aa3e546b166f14349224ea,yahkniple6@orange.com,Eight Heads in a Duffel Bag,1997,1655324244,False,74,
62aa3e556b166f14349224eb,wiltixtre7191@gmail.com,Spartacus,1960,1655324245,False,101,
62aa3e556b166f14349224ec,josdasvig2879@orange.com,Drive Me Crazy,1999,1655324245,True,91,5
62aa3e556b166f14349224ed,aleechgua159671@movistar.com,Journey to the Center of the Earth,2008,1655324245,True,80,7
62aa3e566b166f14349224ef,saafrarei8189@jazztel.com,House of the Dead,2003,1655324246,True,79,4
62aa3e566b166f14349224f0,aleechgua159671@movistar.com,Cavemen,2013,1655324246,False,39,
62aa3e566b166f14349224f1,yesbelhar0221@gmail.com,Stolen Summer,2002,1655324246,False,26,
62aa3e576b166f14349224f2,xesmalref0@digi.com,Breakin',1984,1655324247,True,89,7
62aa3e576b166f14349224f4,tabcalras13@hotmail.com,Sound of Metal,2019,1655324247,False,61,
62aa3e576b166f14349224f5,adrlukest73@movistar.com,Dorian Blues,2004,1655324247,False,15,
62aa3e586b166f14349224f6,xesmalref0@digi.com,Waterworld,1995,1655324248,False,70,
62aa3e586b166f14349224f7,estgubalz27234@gmail.com,The Tuxedo,2002,1655324248,True,81,8
62aa3e596b166f14349224f9,pabkarbor59537@hotmail.com,John Henry,2020,1655324249,False,47,
62aa3e596b166f14349224fa,annroddio997@gmail.com,Body Cam,2020,1655324249,False,48,
62aa3e596b166f14349224fb,guemaiiva047323@vodafone.com ,The 13th Warrior,1999,1655324249,False,50,
62aa3e5a6b166f14349224fc,saafrarei8189@jazztel.com,Slice,2018,1655324250,False,37,
62aa3e5a6b166f14349224fd,zaibelgar033755@digi.com,The Mummy,1999,1655324250,False,83,
62aa3e5a6b166f14349224fe,crileceng08@vodafone.com ,Anatomy of a Murder,1959,1655324250,False,120,
62aa3e5a6b166f14349224ff,javriscon547659@gmail.com,The Man with One Red Shoe,1985,1655324250,False,22,
62aa3e5a6b166f1434922500,julcarbad6@jazztel.com,Not Forgotten,2009,1655324250,False,43,
62aa3e5a6b166f1434922501,shuforfog38@orange.com,Carol,2015,1655324250,False,93,
62aa3e5b6b166f1434922502,wiosormas415@movistar.com,The Express,2008,1655324251,False,75,
62aa3e5b6b166f1434922503,verrocmat8819@digi.com,Drinking Buddies,2013,1655324251,False,15,
62aa3e5b6b166f1434922504,liznasnia193189@vodafone.com ,The Prophecy,1995,1655324251,False,46,
62aa3e5c6b166f1434922505,humpenpor2@orange.com,Prime,2005,1655324252,False,64,
62aa3e5c6b166f1434922506,estbouel3440@orange.com,The Spiderwick Chronicles,2008,1655324252,False,49,
62aa3e5c6b166f1434922507,annroddio997@gmail.com,No Mercy,1986,1655324252,False,67,
62aa3e5c6b166f1434922508,liznasnia193189@vodafone.com ,The Void,2016,1655324252,False,55,
62aa3e5d6b166f1434922509,eleirssas26@gmail.com,Excalibur,1981,1655324253,False,37,
62aa3e5d6b166f143492250a,gemyanbic970@hotmail.com,A Hologram for the King,2016,1655324253,False,44,
62aa3e5d6b166f143492250b,tescitel7807@orange.com,All Cheerleaders Die,2013,1655324253,False,16,
62aa3e5e6b166f143492250c,belcozkal350559@vodafone.com ,Superman III,1983,1655324254,True,108,6
62aa3e5e6b166f143492250d,levbouel8567@vodafone.com ,Super Dark Times,2017,1655324254,False,69,
62aa3e5e6b166f143492250e,sanolealg5@vodafone.com ,Home Fries,1998,1655324254,False,72,
62aa3e5f6b166f143492250f,tescitel7807@orange.com,Stray Bullets,2016,1655324255,False,54,
62aa3e5f6b166f1434922510,alifenvel96289@vodafone.com ,Insidious: Chapter 3,2015,1655324255,False,64,
62aa3e5f6b166f1434922511,alifenvel96289@vodafone.com ,Madame Bovary,2014,1655324255,False,20,
62aa3e606b166f1434922512,kevurigav650483@movistar.com,Vacancy,2007,1655324256,False,35,
62aa3e606b166f1434922513,saafrarei8189@jazztel.com,Dead Man Walking,1995,1655324256,False,74,
62aa3e606b166f1434922514,darbassom07@vodafone.com ,Seeking a Friend for the End of the World,2012,1655324256,False,24,
62aa3e616b166f1434922515,nicpetriu089@movistar.com,Home Fries,1998,1655324257,True,80,4
62aa3e616b166f1434922516,guemaiiva047323@vodafone.com ,The Hunting Party,2007,1655324257,False,65,
62aa3e616b166f1434922517,ainsalalp45038@movistar.com,After Words,2015,1655324257,False,27,
62aa3e626b166f1434922518,vlabonalb299970@digi.com,The Year That Trembled,2002,1655324258,False,35,
62aa3e626b166f1434922519,yurnalala36993@gmail.com,Meet the Robinsons,2007,1655324258,False,16,
62aa3e626b166f143492251a,guidobger8790@hotmail.com,Desperado,1995,1655324258,False,41,
62aa3e626b166f143492251b,assaboshe7@vodafone.com ,Mr. Brooks,2007,1655324258,False,79,
62aa3e636b166f143492251c,zaibelgar033755@digi.com,Lorenzo's Oil,1992,1655324259,False,77,
62aa3e636b166f143492251d,juaaouesq86543@vodafone.com ,For Whom the Bell Tolls,1943,1655324259,False,47,
62aa3e636b166f143492251e,angabafah7@vodafone.com ,The City of Your Final Destination,2009,1655324259,True,106,0
62aa3e646b166f143492251f,vicalihma19867@gmail.com,Carrie,2013,1655324260,False,25,
62aa3e646b166f1434922520,toldorral065@hotmail.com,Close Encounters of the Third Kind,1977,1655324260,False,59,
62aa3e646b166f1434922521,assaboshe7@vodafone.com ,Welcome to Mooseport,2004,1655324260,False,25,
62aa3e656b166f1434922522,chlzabzal66964@gmail.com,The Girl Next Door,2004,1655324261,False,81,
62aa3e656b166f1434922523,tescitel7807@orange.com,Thief,1981,1655324261,True,101,10
62aa3e656b166f1434922525,marrachac85@movistar.com,The Brooklyn Banker,2016,1655324261,False,23,
62aa3e656b166f1434922526,chobunbux37@orange.com,The Return of the Pink Panther,1975,1655324261,True,99,1
62aa3e666b166f1434922527,harraeel5@jazztel.com,Coming Through the Rye,2015,1655324262,True,89,9
62aa3e666b166f1434922529,jossatcor68@gmail.com,Sister Act 2: Back in the Habit,1993,1655324262,True,93,6
62aa3e666b166f143492252a,ainsalalp45038@movistar.com,Computer Chess,2013,1655324262,True,81,3
62aa3e676b166f143492252b,guidobger8790@hotmail.com,Into the Wild,2007,1655324263,False,86,
62aa3e676b166f143492252c,annroddio997@gmail.com,Tenacious D in the Pick of Destiny,2006,1655324263,False,68,
62aa3e676b166f143492252d,belcozkal350559@vodafone.com ,Star Trek: First Contact,1996,1655324263,False,73,
62aa3e686b166f143492252e,tabcalras13@hotmail.com,The Game of Their Lives,2005,1655324264,False,59,
62aa3e686b166f143492252f,josciclir66828@movistar.com,Antitrust,2001,1655324264,False,77,
62aa3e686b166f1434922530,chlzabzal66964@gmail.com,The Dead Girl,2006,1655324264,False,16,
62aa3e686b166f1434922531,siljaugea161@orange.com,Black Widow,1987,1655324264,False,36,
62aa3e696b166f1434922532,eleirssas26@gmail.com,Escape Plan,2013,1655324265,False,47,
62aa3e696b166f1434922533,peltuegus5983@jazztel.com,Tropic Thunder,2008,1655324265,False,53,
62aa3e696b166f1434922534,marchesui6@vodafone.com ,Chasing Papi,2003,1655324265,False,36,
62aa3e6a6b166f1434922535,harraeel5@jazztel.com,Malcolm X,1992,1655324266,False,85,
62aa3e6a6b166f1434922536,levbouel8567@vodafone.com ,Resident Evil: Afterlife,2010,1655324266,False,51,
62aa3e6a6b166f1434922537,nicpetriu089@movistar.com,Sahara,2005,1655324266,False,33,
62aa3e6a6b166f1434922538,toldorral065@hotmail.com,The Souvenir,2019,1655324266,False,81,
62aa3e6a6b166f1434922539,jossatcor68@gmail.com,I Love You to Death,1990,1655324266,False,46,
62aa3e6a6b166f143492253a,gemyanbic970@hotmail.com,Restless City,2011,1655324266,False,55,
62aa3e6b6b166f143492253b,pabkarbor59537@hotmail.com,Toad Road,2012,1655324267,True,76,6
62aa3e6b6b166f143492253c,juapraang011054@hotmail.com,The Conversation,1974,1655324267,False,25,
62aa3e6b6b166f143492253d,javriscon547659@gmail.com,In the Heart of the Sea,2015,1655324267,True,98,6
62aa3e6c6b166f143492253e,tarbelmor2@digi.com,Hugo,2011,1655324268,False,96,
62aa3e6c6b166f143492253f,elchadev223@jazztel.com,Ed Wood,1994,1655324268,False,95,
62aa3e6c6b166f1434922540,estgubalz27234@gmail.com,How the Grinch Stole Christmas,2000,1655324268,False,32,
62aa3e6c6b166f1434922541,ivamongra1@digi.com,Titanic,1997,1655324268,False,75,
62aa3e6d6b166f1434922542,pabkarbor59537@hotmail.com,Mallrats,1995,1655324269,False,19,
62aa3e6d6b166f1434922543,yurnalala36993@gmail.com,Boat Trip,2002,1655324269,False,69,
62aa3e6d6b166f1434922544,anaustdob5@digi.com,Point Blank,2019,1655324269,True,72,3
62aa3e6d6b166f1434922545,josciclir66828@movistar.com,Falling Down,1993,1655324269,False,36,
62aa3e6e6b166f1434922546,levbouel8567@vodafone.com ,Masters of the Universe,1987,1655324270,True,91,0
62aa3e6e6b166f1434922547,vicalihma19867@gmail.com,Rock of Ages,2012,1655324270,False,48,
62aa3e6e6b166f1434922548,gemyanbic970@hotmail.com,Coyote Lake,2019,1655324270,False,47,
62aa3e6f6b166f1434922549,saafrarei8189@jazztel.com,Party Girl,1995,1655324271,False,65,
62aa3e6f6b166f143492254a,wiltixtre7191@gmail.com,Spy Kids 2: Island of Lost Dreams,2002,1655324271,False,68,
62aa3e6f6b166f143492254b,jaighasal61@digi.com,Made of Honor,2008,1655324271,True,97,1
62aa3e706b166f143492254c,yahkniple6@orange.com,Short Eyes,1977,1655324272,False,61,
62aa3e706b166f143492254d,tabcalras13@hotmail.com,Clown,2014,1655324272,False,71,
62aa3e706b166f143492254e,fedarrker26@jazztel.com,Stir of Echoes,1999,1655324272,False,46,
62aa3e706b166f143492254f,isasasjar59@orange.com,The Shaggy Dog,1959,1655324272,False,56,
62aa3e716b166f1434922550,juaaouesq86543@vodafone.com ,Misery,1990,1655324273,True,104,0
62aa3e716b166f1434922551,yurnalala36993@gmail.com,Skin Trade,2014,1655324273,False,26,
62aa3e716b166f1434922552,kevurigav650483@movistar.com,Supergirl,1984,1655324273,False,65,
62aa3e716b166f1434922553,naytracam020337@digi.com,Take Shelter,2011,1655324273,False,70,
62aa3e726b166f1434922554,vicalihma19867@gmail.com,Tragedy Girls,2017,1655324274,False,29,
62aa3e726b166f1434922555,almfetest52084@jazztel.com,The Lucky One,2012,1655324274,False,75,
62aa3e726b166f1434922556,chlzabzal66964@gmail.com,On the Road,2012,1655324274,False,62,
62aa3e736b166f1434922557,saafrarei8189@jazztel.com,Raise Your Voice,2004,1655324275,False,43,
62aa3e736b166f1434922558,angabafah7@vodafone.com ,American Ultra,2015,1655324275,False,72,
62aa3e736b166f1434922559,kencarzai79@jazztel.com,A Monster Calls,2016,1655324275,False,71,
62aa3e746b166f143492255a,valdemesp8@movistar.com,Wild Orchid,1989,1655324276,False,31,
62aa3e746b166f143492255b,fedarrker26@jazztel.com,The Living End,1992,1655324276,False,49,
62aa3e746b166f143492255c,ailestben8@jazztel.com,Superstar,1999,1655324276,True,71,2
62aa3e746b166f143492255d,zaibelgar033755@digi.com,The Men Who Stare at Goats,2009,1655324276,False,41,
62aa3e756b166f143492255e,adrlukest73@movistar.com,Monster's Ball,2001,1655324277,False,54,
62aa3e756b166f143492255f,ricgoojul63@orange.com,Casino Royale,2006,1655324277,False,27,
62aa3e756b166f1434922560,chobunbux37@orange.com,Waterworld,1995,1655324277,False,104,
62aa3e766b166f1434922561,assaboshe7@vodafone.com ,Night Catches Us,2010,1655324278,True,80,5
62aa3e766b166f1434922562,ailestben8@jazztel.com,The Main Event,2020,1655324278,True,97,5
62aa3e766b166f1434922563,zaibelgar033755@digi.com,The Polar Express,2004,1655324278,False,44,
62aa3e776b166f1434922564,marmaybaz2601@movistar.com,Kill Me Three Times,2014,1655324279,False,32,
62aa3e776b166f1434922565,verrocmat8819@digi.com,Tomorrowland,2015,1655324279,False,43,
62aa3e776b166f1434922566,marmaybaz2601@movistar.com,Primary Colors,1998,1655324279,False,27,
62aa3e776b166f1434922567,ursridgra182458@movistar.com,Gifted,2017,1655324279,False,16,
62aa3e786b166f1434922568,darciplle4433@jazztel.com,Rampage,2018,1655324280,False,29,
62aa3e786b166f1434922569,emigraloz8@hotmail.com,Southern Comfort,1981,1655324280,False,80,
62aa3e786b166f143492256a,ainsalalp45038@movistar.com,Soapdish,1991,1655324280,False,36,
62aa3e796b166f143492256b,tescitel7807@orange.com,Mine,2016,1655324281,False,42,
62aa3e796b166f143492256c,kevurigav650483@movistar.com,Brewster's Millions,1985,1655324281,False,38,
62aa3e796b166f143492256d,ismarrpla915496@movistar.com,Foxes,1980,1655324281,False,70,
62aa3e796b166f143492256e,alifenvel96289@vodafone.com ,Blood Fest,2018,1655324281,True,74,3
62aa3e7a6b166f143492256f,chobunbux37@orange.com,A Late Quartet,2012,1655324282,False,48,
62aa3e7a6b166f1434922570,aguherbas3716@gmail.com,Stars in Shorts,2012,1655324282,True,107,8
62aa3e7a6b166f1434922572,yahkniple6@orange.com,Ghostbusters,1984,1655324282,False,29,
62aa3e7a6b166f1434922573,julzanbai012@hotmail.com,Pitch Black,2000,1655324282,False,78,
62aa3e7a6b166f1434922574,jaighasal61@digi.com,Happiness,1998,1655324282,False,72,
62aa3e7b6b166f1434922575,eleirssas26@gmail.com,Stroker Ace,1983,1655324283,True,90,7
62aa3e7b6b166f1434922577,humpenpor2@orange.com,Splinter,2008,1655324283,False,30,
62aa3e7b6b166f1434922578,toldorral065@hotmail.com,Ready Player One,2018,1655324283,False,67,
62aa3e7b6b166f1434922579,ailestben8@jazztel.com,Falling Overnight,2011,1655324283,False,16,
62aa3e7c6b166f143492257a,ursridgra182458@movistar.com,Deep Blue Sea,1999,1655324284,False,40,
62aa3e7c6b166f143492257b,elchadev223@jazztel.com,Charlie's Angels,2019,1655324284,False,40,
62aa3e7c6b166f143492257c,chobunbux37@orange.com,Welcome to Sarajevo,1997,1655324284,True,91,2
62aa3e7d6b166f143492257d,anaustdob5@digi.com,It,2017,1655324285,False,108,
62aa3e7d6b166f143492257e,josdasvig2879@orange.com,Bedknobs and Broomsticks,1971,1655324285,False,57,
62aa3e7d6b166f143492257f,marmaybaz2601@movistar.com,Batman,1989,1655324285,False,71,
62aa3e7d6b166f1434922580,conwendi39269@orange.com,Just Looking,1999,1655324285,False,19,
62aa3e7e6b166f1434922581,raubetpen522@jazztel.com,Into the Night,1985,1655324286,True,104,2
62aa3e7e6b166f1434922582,yurnalala36993@gmail.com,2 Fast 2 Furious,2003,1655324286,False,38,
62aa3e7e6b166f1434922583,javriscon547659@gmail.com,Afflicted,2013,1655324286,False,28,
62aa3e7f6b166f1434922584,adrlukest73@movistar.com,My Spy,2020,1655324287,False,44,
62aa3e7f6b166f1434922585,julcarbad6@jazztel.com,X-Men: Dark Phoenix,2019,1655324287,True,111,9
62aa3e7f6b166f1434922587,saafrarei8189@jazztel.com,I Went Down,1997,1655324287,True,106,5
62aa3e806b166f1434922588,adidialar3@digi.com,Gladiator,2000,1655324288,False,52,
62aa3e806b166f1434922589,alifenvel96289@vodafone.com ,Trust Me,2013,1655324288,False,18,
62aa3e806b166f143492258a,chlzabzal66964@gmail.com,Words and Pictures,2013,1655324288,False,35,
62aa3e806b166f143492258b,julcarbad6@jazztel.com,Norbit,2007,1655324288,False,50,
62aa3e816b166f143492258c,valdemesp8@movistar.com,Pushing Tin,1999,1655324289,False,87,
62aa3e816b166f143492258d,ursridgra182458@movistar.com,Hostel: Part II,2007,1655324289,False,59,
62aa3e816b166f143492258e,joasantey6285@orange.com,The Poseidon Adventure,1972,1655324289,False,82,
62aa3e826b166f143492258f,conwendi39269@orange.com,East of Eden,1955,1655324290,False,53,
62aa3e826b166f1434922590,peltuegus5983@jazztel.com,Torn Curtain,1966,1655324290,True,105,2
62aa3e826b166f1434922591,hercamare50@vodafone.com ,Surviving Christmas,2004,1655324290,True,74,10
62aa3e826b166f1434922593,peltuegus5983@jazztel.com,A Novel Romance,2011,1655324290,False,21,
62aa3e836b166f1434922594,joasantey6285@orange.com,Fast Food Nation,2006,1655324291,False,56,
62aa3e836b166f1434922595,julzanbai012@hotmail.com,Bad Words,2013,1655324291,True,85,10
62aa3e836b166f1434922597,joasantey6285@orange.com,Shadow Magic,2000,1655324291,True,96,5
62aa3e846b166f1434922598,raubetpen522@jazztel.com,Get Shorty,1995,1655324292,True,87,1
62aa3e846b166f1434922599,kencarzai79@jazztel.com,Ted,2012,1655324292,False,50,
62aa3e846b166f143492259a,estgubalz27234@gmail.com,Crown Vic,2019,1655324292,False,28,
62aa3e856b166f143492259b,chobunbux37@orange.com,Dolphin Tale,2011,1655324293,False,38,
62aa3e856b166f143492259c,josdasvig2879@orange.com,American Made,2017,1655324293,False,25,
62aa3e856b166f143492259d,jossatcor68@gmail.com,The Transporter,2002,1655324293,False,26,
62aa3e856b166f143492259e,vicalihma19867@gmail.com,Bobby,2006,1655324293,False,42,
62aa3e866b166f143492259f,yesbelhar0221@gmail.com,Meet the Robinsons,2007,1655324294,False,72,
62aa3e866b166f14349225a0,adachusan1@movistar.com,Step Up,2006,1655324294,False,31,
62aa3e866b166f14349225a1,julzanbai012@hotmail.com,The Curse of la Llorona,2019,1655324294,False,19,
62aa3e876b166f14349225a2,marmaybaz2601@movistar.com,The Pyramid,2014,1655324295,False,30,
62aa3e876b166f14349225a3,hercamare50@vodafone.com ,Mulan,1998,1655324295,True,80,2
62aa3e876b166f14349225a4,levbouel8567@vodafone.com ,Arlington Road,1999,1655324295,True,99,1
62aa3e876b166f14349225a5,aleechgua159671@movistar.com,Winnie the Pooh,2011,1655324295,False,21,
62aa3e886b166f14349225a6,vazbanben7743@digi.com,About Last Night,1986,1655324296,False,79,
62aa3e886b166f14349225a7,fedarrker26@jazztel.com,Risen,2016,1655324296,False,76,
62aa3e886b166f14349225a8,sanolealg5@vodafone.com ,Neighbors,1981,1655324296,False,44,
62aa3e896b166f14349225a9,zaibelgar033755@digi.com,Motherhood,2009,1655324297,True,76,10
62aa3e896b166f14349225ab,tarbelmor2@digi.com,Blade: Trinity,2004,1655324297,False,21,
62aa3e896b166f14349225ac,mimguarez39608@orange.com,Underworld,2003,1655324297,True,111,5
62aa3e8a6b166f14349225ad,manortlle3879@gmail.com,Fast Colour,2018,1655324298,True,89,6
62aa3e8a6b166f14349225ae,mimguarez39608@orange.com,K-11,2012,1655324298,True,74,4
62aa3e8a6b166f14349225af,layprella7@vodafone.com ,SLC Punk!,1998,1655324298,False,74,
62aa3e8a6b166f14349225b0,saafrarei8189@jazztel.com,The Glass House,2001,1655324298,True,105,8
62aa3e8a6b166f14349225b2,marchesui6@vodafone.com ,The Arrival,1996,1655324298,True,97,0
62aa3e8b6b166f14349225b3,temifkalo07834@orange.com,Permanent Midnight,1998,1655324299,True,74,6
62aa3e8b6b166f14349225b4,estgubalz27234@gmail.com,Appaloosa,2008,1655324299,True,104,6
62aa3e8b6b166f14349225b5,ainsalalp45038@movistar.com,Puzzle,2018,1655324299,False,18,
62aa3e8b6b166f14349225b6,adidialar3@digi.com,Flight of the Phoenix,2004,1655324299,False,16,
62aa3e8c6b166f14349225b7,jaibelvec58@movistar.com,Midnight Sun,2018,1655324300,True,82,9
62aa3e8c6b166f14349225b9,tabcalras13@hotmail.com,G-Force,2009,1655324300,False,48,
62aa3e8c6b166f14349225ba,annroddio997@gmail.com,The Jackal,1997,1655324300,True,103,2
62aa3e8d6b166f14349225bb,estgubalz27234@gmail.com,Clifford's Really Big Movie,2004,1655324301,True,67,5
62aa3e8d6b166f14349225bc,gemyanbic970@hotmail.com,Talk to Me,2007,1655324301,False,20,
62aa3e8d6b166f14349225bd,julzanbai012@hotmail.com,Stake Land,2010,1655324301,False,23,
